trade_id,symbol,order_side,state,placed_candle,placed_datetime,entry_price,entry_executed_price,size,tp,sl,open_candle,open_datetime,close_candle,close_datetime,exit_price,pnl,close_reason
3b69053b-14fa-4642-8f7a-987ed6c44273,GBPJPY,SELL,TP_HIT,85,2024-01-08 03:00:00,183.77899,183.77899,3983,183.27694999999997,184.05001000000001,85,2024-01-08 04:00:00,89,2024-01-08 08:00:00,183.27694999999997,1999.6253200000885,TP
4a0292ba-7979-4866-b4ef-5f80ac09eea5,GBPJPY,SELL,SL_HIT,93,2024-01-08 11:00:00,183.31199,183.31199,5145,182.91595000000004,183.53001,93,2024-01-08 12:00:00,94,2024-01-08 13:00:00,183.53001,-1121.7128999999777,SL
f11278ed-241a-49aa-b498-726fdb805be1,GBPJPY,SELL,SL_HIT,121,2024-01-09 15:00:00,183.03199,183.03199,3726,182.49195000000003,183.32201,121,2024-01-09 16:00:00,122,2024-01-09 17:00:00,183.32201,-1080.614519999994,SL
2dc9e9f7-8a47-4d99-9e4e-9aca9d1c07d2,GBPJPY,SELL,SL_HIT,165,2024-01-11 11:00:00,185.49599,185.49599,4995,185.09795000000003,185.71501,166,2024-01-11 13:00:00,168,2024-01-11 15:00:00,185.71501,-1094.0049000000022,SL
b5b6e3ff-e86d-4eb7-9cba-b3ac4acb0bf2,GBPJPY,SELL,TP_HIT,177,2024-01-11 23:00:00,185.54999,185.54999000000004,3272,184.94995000000003,185.87001,179,2024-01-12 02:00:00,189,2024-01-12 12:00:00,184.94995000000003,1963.330880000023,TP
0cae9cf6-812b-4652-9daa-5a5d49782c00,GBPJPY,SELL,SL_HIT,189,2024-01-12 11:00:00,185.13199,185.13199,2658,184.36995,185.53301000000002,189,2024-01-12 12:00:00,211,2024-01-15 10:00:00,185.53301000000002,-1065.9111600000447,SL
c1b45c4f-fdeb-403b-bb12-684b16373391,GBPJPY,SELL,SL_HIT,191,2024-01-12 13:00:00,185.13199,185.13199,2670,184.36995,185.53301000000002,192,2024-01-12 15:00:00,211,2024-01-15 10:00:00,185.53301000000002,-1070.7234000000449,SL
ef540102-bdfb-4353-81a5-7763726c5248,GBPJPY,SELL,SL_HIT,193,2024-01-12 15:00:00,184.80499,184.80499,5406,184.41695,185.01901,194,2024-01-12 17:00:00,206,2024-01-15 05:00:00,185.01901,-1156.992120000027,SL
f8838c95-a992-4af8-98dc-502e622b879f,GBPJPY,SELL,TP_HIT,228,2024-01-16 02:00:00,185.38099,185.38099,6261,185.07295,185.55501,229,2024-01-16 04:00:00,234,2024-01-16 09:00:00,185.07294999999996,1928.6384400002119,TP
3697104c-ad58-485d-9004-67daf522da0c,GBPJPY,SELL,TP_HIT,280,2024-01-18 06:00:00,187.68599,187.68599000000003,6374,187.37795,187.86001000000002,280,2024-01-18 07:00:00,284,2024-01-18 11:00:00,187.37795,1963.4469600002158,TP
f30cfe74-88ec-48b1-970a-c57d9260aa08,GBPJPY,SELL,TP_HIT,285,2024-01-18 11:00:00,187.68599,187.68599,6489,187.37795,187.86001000000002,286,2024-01-18 13:00:00,289,2024-01-18 16:00:00,187.37795,1998.871560000035,TP
7ec9b45f-7968-4323-bfde-9e6085ce75e0,GBPJPY,SELL,SL_HIT,308,2024-01-19 10:00:00,188.11499,188.11498999999998,1577,186.82495000000003,188.78001,317,2024-01-19 20:00:00,350,2024-01-23 05:00:00,188.78001,-1048.7365400000422,SL
73acaf6a-212c-44f0-b2ae-3b949dad138c,GBPJPY,SELL,TP_HIT,354,2024-01-23 08:00:00,188.17999,188.17999,4554,187.73794999999998,188.42101000000002,354,2024-01-23 09:00:00,355,2024-01-23 10:00:00,187.73794999999998,2013.050160000091,TP
d7214a08-f0cb-4dae-9bb3-62ff9149c062,GBPJPY,SELL,SL_HIT,380,2024-01-24 10:00:00,187.64399,187.64399,5367,187.26194999999998,187.85501000000002,380,2024-01-24 11:00:00,381,2024-01-24 12:00:00,187.85501000000002,-1132.5443400001025,SL
36a14554-98b3-4032-b785-2a1dbfd2baec,GBPJPY,SELL,SL_HIT,385,2024-01-24 15:00:00,187.53898999999998,187.53898999999998,1328,186.01494999999997,188.32101,385,2024-01-24 16:00:00,432,2024-01-26 15:00:00,188.32101,-1038.5225600000226,SL
29a928b4-13ca-490c-90a1-c4d97f276c6a,GBPJPY,SELL,TP_HIT,451,2024-01-29 09:00:00,187.98999,187.98999000000003,5690,187.63795000000002,188.18601,451,2024-01-29 10:00:00,453,2024-01-29 12:00:00,187.63795000000002,2003.1076000000942,TP
82ae0482-e07b-45ed-aade-3a671fc47ac6,GBPJPY,SELL,SL_HIT,482,2024-01-30 16:00:00,186.70899,186.70899,3877,186.18294999999998,186.99201000000002,482,2024-01-30 17:00:00,483,2024-01-30 18:00:00,186.99201000000002,-1097.2685400000846,SL
0b15015e-cece-4d35-ac00-29e6eac189c3,GBPJPY,SELL,SL_HIT,530,2024-02-01 16:00:00,185.47799,185.47799,1312,183.94195,186.26601000000002,530,2024-02-01 17:00:00,532,2024-02-01 19:00:00,186.26601000000002,-1033.8822400000226,SL
03cb4777-508e-446a-ab83-9e767bc9deca,GBPJPY,SELL,SL_HIT,565,2024-02-05 03:00:00,187.20999,187.20999,3734,186.67595,187.49701000000002,565,2024-02-05 04:00:00,571,2024-02-05 10:00:00,187.49701000000002,-1071.7326800000467,SL
fc6057d2-2069-4524-9427-90d3bd9472fc,GBPJPY,SELL,SL_HIT,567,2024-02-05 05:00:00,187.20999,187.20999,3722,186.67194999999998,187.49901000000003,570,2024-02-05 09:00:00,571,2024-02-05 10:00:00,187.49901000000003,-1075.732440000082,SL
f25b8ec9-5d9d-47b8-ba43-5e6175f653ea,GBPJPY,SELL,SL_HIT,603,2024-02-06 17:00:00,186.30698999999998,186.30698999999998,2427,185.50494999999995,186.72801,603,2024-02-06 18:00:00,619,2024-02-07 10:00:00,186.72801,-1021.8155400000657,SL
ef10f4cc-e701-47bb-b617-6c68fa80d175,GBPJPY,SELL,SL_HIT,626,2024-02-07 16:00:00,186.85399,186.85399,2797,186.16595,187.21801000000002,626,2024-02-07 17:00:00,636,2024-02-08 03:00:00,187.21801000000002,-1018.1639400000298,SL
7b125676-91e3-466d-bb8f-b0f6754e181a,GBPJPY,SELL,SL_HIT,693,2024-02-12 11:00:00,188.27599,188.27599,3549,187.73995,188.56401000000002,693,2024-02-12 12:00:00,698,2024-02-12 17:00:00,188.56401000000002,-1022.1829800000612,SL
4da53476-f36f-4338-a0d5-e88b9120bcfd,GBPJPY,SELL,TP_HIT,733,2024-02-14 03:00:00,189.69299,189.69299,5874,189.37295,189.87301000000002,733,2024-02-14 04:00:00,738,2024-02-14 09:00:00,189.37295,1879.9149600000346,TP
1271101f-f4ad-484a-b4d3-5de69a4c8802,GBPJPY,SELL,SL_HIT,763,2024-02-15 09:00:00,188.67499,188.67498999999998,7141,188.40695000000002,188.82901,769,2024-02-15 16:00:00,770,2024-02-15 17:00:00,188.82901,-1099.8568200002223,SL
c360225b-a065-4c1a-bddd-4be2576a6e3a,GBPJPY,SELL,SL_HIT,817,2024-02-19 15:00:00,189.08799,189.08799,4033,188.61994999999996,189.34201000000002,818,2024-02-19 17:00:00,834,2024-02-20 09:00:00,189.34201000000002,-1024.4626600001027,SL
1e46bb99-6e27-4f95-81d4-c737f023d335,GBPJPY,SELL,SL_HIT,889,2024-02-22 15:00:00,190.34599,190.34599,4757,189.95395,190.56201000000001,891,2024-02-22 18:00:00,892,2024-02-22 19:00:00,190.56201000000001,-1027.6071400000692,SL
f09e60ae-fefd-4bc2-b0db-15b41fadd1e4,GBPJPY,SELL,SL_HIT,924,2024-02-26 02:00:00,190.58899,190.58899,7736,190.35094999999998,190.72801,927,2024-02-26 06:00:00,931,2024-02-26 10:00:00,190.72801,-1075.4587200001265,SL
d9a6d4c4-125e-4230-8b67-fa88802b4219,GBPJPY,SELL,TP_HIT,949,2024-02-27 03:00:00,190.92699,190.92699000000002,6482,190.64694999999995,191.08701000000002,954,2024-02-27 09:00:00,955,2024-02-27 10:00:00,190.64694999999995,1815.2192800004582,TP
a1313d07-5c2e-4426-be56-fd13ae2f16fd,GBPJPY,SELL,TP_HIT,956,2024-02-27 10:00:00,190.71799,190.71799,7105,190.45794999999993,190.86801000000003,958,2024-02-27 13:00:00,959,2024-02-27 14:00:00,190.4579499999999,1847.5842000006314,TP
ff0c4386-44fc-463a-94ab-1188209e04c6,GBPJPY,SELL,TP_HIT,958,2024-02-27 12:00:00,190.71799,190.71799,7105,190.45794999999993,190.86801000000003,958,2024-02-27 13:00:00,959,2024-02-27 14:00:00,190.4579499999999,1847.5842000006314,TP
f3fd722c-e7dc-40af-8026-5a9d8f6f9917,GBPJPY,SELL,SL_HIT,960,2024-02-27 14:00:00,190.54999,190.54999,6830,190.26995000000002,190.71001,960,2024-02-27 15:00:00,962,2024-02-27 17:00:00,190.71000999999998,-1092.9365999998258,SL
e512856f-4574-4eab-9911-a36d31891ae4,GBPJPY,SELL,SL_HIT,980,2024-02-28 10:00:00,190.63299,190.63299,5044,190.25895000000003,190.84001,982,2024-02-28 13:00:00,987,2024-02-28 18:00:00,190.84001,-1044.20888,SL
236cb3ed-06b0-451c-9e13-8c23fdab8665,GBPJPY,SELL,SL_HIT,1011,2024-02-29 17:00:00,189.37599,189.37599,1542,188.16795000000002,190.00001,1011,2024-02-29 18:00:00,1021,2024-03-01 04:00:00,190.00001,-962.2388400000025,SL
0b693682-3e22-4e20-8f02-c7d00312ab4e,GBPJPY,SELL,SL_HIT,1013,2024-02-29 19:00:00,189.37599,189.37599,1548,188.16795000000002,190.00001,1018,2024-03-01 01:00:00,1021,2024-03-01 04:00:00,190.00001,-965.9829600000024,SL
f464eac2-f1ba-4ac2-8969-80ded46e73c1,GBPJPY,SELL,TP_HIT,1094,2024-03-06 04:00:00,190.43399,190.43399,4978,190.06795,190.63701,1094,2024-03-06 05:00:00,1098,2024-03-06 09:00:00,190.06795,1822.1471199999908,TP
b06e6441-54f0-4d05-a3dc-ac1654fdb532,GBPJPY,SELL,SL_HIT,1098,2024-03-06 08:00:00,190.43399,190.43399,5015,190.06795,190.63701,1099,2024-03-06 10:00:00,1100,2024-03-06 11:00:00,190.63701,-1018.1453000000466,SL
fc9830ec-797d-4cf7-b519-aae3d9b96b75,GBPJPY,SELL,TP_HIT,1140,2024-03-08 02:00:00,189.44398999999999,189.44398999999999,4321,189.01994999999994,189.67601000000002,1140,2024-03-08 03:00:00,1148,2024-03-08 11:00:00,189.01994999999994,1832.2768400002062,TP
b834cde0-25f1-497b-b89e-3af8ff088205,GBPJPY,SELL,TP_HIT,1149,2024-03-08 11:00:00,189.31999,189.31999000000002,5587,188.98594999999997,189.50701,1154,2024-03-08 17:00:00,1156,2024-03-08 19:00:00,188.98594999999997,1866.2814800002475,TP
d78920c8-93c3-46e6-8152-dbc720068351,GBPJPY,SELL,TP_HIT,1164,2024-03-11 01:00:00,188.82999,188.82999,5000,188.44995,189.04001000000002,1165,2024-03-11 03:00:00,1172,2024-03-11 10:00:00,188.44995,1900.2000000000407,TP
1216d309-fc18-4011-89d6-e0c812e6ee65,GBPJPY,SELL,TP_HIT,1180,2024-03-11 17:00:00,188.27799,188.27799,5405,187.91994999999997,188.47701,1182,2024-03-11 20:00:00,1185,2024-03-11 23:00:00,187.91994999999997,1935.2062000000908,TP
a6889ee1-0ef4-48f0-b532-3cb8c2b06ec6,GBPJPY,SELL,SL_HIT,1234,2024-03-13 23:00:00,189.01498999999998,189.01498999999998,6398,188.70694999999992,189.18901000000002,1234,2024-03-14 00:00:00,1238,2024-03-14 04:00:00,189.18901000000002,-1113.3799600002646,SL
8dcb8929-1034-46d8-8d44-50cd3b226d70,GBPJPY,SELL,SL_HIT,1236,2024-03-14 01:00:00,189.01498999999998,189.01498999999998,6471,188.70694999999992,189.18901000000002,1236,2024-03-14 02:00:00,1238,2024-03-14 04:00:00,189.18901000000002,-1126.0834200002678,SL
e3437e93-cef9-40a5-8114-395cd4fca15a,GBPJPY,SELL,SL_HIT,1251,2024-03-14 16:00:00,189.09099,189.09099,3318,188.51295000000002,189.40001,1254,2024-03-14 20:00:00,1268,2024-03-15 10:00:00,189.40000999999998,-1025.3283599999186,SL
3169d01d-b21c-47aa-841b-d1e4471db264,GBPJPY,SELL,SL_HIT,1267,2024-03-15 08:00:00,188.88699,188.88699,4697,188.47095,189.11501,1267,2024-03-15 09:00:00,1268,2024-03-15 10:00:00,189.11501,-1071.0099400000704,SL
7a41ab7d-034e-4b62-a4f5-58b3f391e626,GBPJPY,SELL,SL_HIT,1307,2024-03-19 00:00:00,189.72199,189.72199,6779,189.44594999999998,189.88001000000003,1307,2024-03-19 01:00:00,1309,2024-03-19 03:00:00,189.88001000000003,-1071.2175800001478,SL
c4b7abb0-70f8-45f7-8814-ad5b1b10cb78,GBPJPY,SELL,TP_HIT,1443,2024-03-26 16:00:00,191.31699,191.31699,4138,190.87095000000002,191.56001,1443,2024-03-26 17:00:00,1461,2024-03-27 11:00:00,190.87095000000002,1845.7135199999266,TP
b1b511c4-0e54-4438-b069-73df55fca934,GBPJPY,SELL,SL_HIT,1453,2024-03-27 02:00:00,191.15999,191.15999,3746,190.65794999999997,191.43101000000001,1453,2024-03-27 03:00:00,1454,2024-03-27 04:00:00,191.43101000000001,-1015.24092000008,SL
55074f83-d039-4af5-a285-b2c36893493e,GBPJPY,SELL,SL_HIT,1486,2024-03-28 11:00:00,190.81699,190.81699,3159,190.22895000000003,191.13101,1486,2024-03-28 12:00:00,1489,2024-03-28 15:00:00,191.13101,-991.9891799999978,SL
61fda412-ca8a-409e-911c-e7e1774124a2,GBPJPY,SELL,SL_HIT,1503,2024-03-29 04:00:00,190.99599,190.99599,8658,190.78395,191.12201000000002,1505,2024-03-29 07:00:00,1506,2024-03-29 08:00:00,191.12201000000002,-1091.0811600000964,SL
6ab7b1ed-0561-4728-afc7-a8e9d98b6dde,GBPJPY,SELL,SL_HIT,1511,2024-03-29 12:00:00,190.88899,190.88899,5796,190.57695000000004,191.06501,1511,2024-03-29 13:00:00,1512,2024-03-29 14:00:00,191.06501000000003,-1020.2119200001304,SL
eddf6b24-1f01-4386-a775-af17d30d1a02,GBPJPY,SELL,TP_HIT,1535,2024-04-01 13:00:00,191.01299,191.01299,4823,190.64294999999998,191.21801000000002,1536,2024-04-01 15:00:00,1538,2024-04-01 17:00:00,190.64294999999998,1784.7029200000832,TP
bce0288e-c60e-40ef-9988-a8ae8a8f2bd9,GBPJPY,SELL,SL_HIT,1621,2024-04-05 03:00:00,191.11099,191.11099,6444,190.82894999999994,191.27201000000002,1627,2024-04-05 10:00:00,1628,2024-04-05 11:00:00,191.27201000000005,-1037.612880000416,SL
060d1a37-1a43-4a1a-9804-745a8490f245,GBPJPY,SELL,TP_HIT,1709,2024-04-10 19:00:00,191.81499,191.81499000000002,6357,191.53295,191.97601,1709,2024-04-10 20:00:00,1710,2024-04-10 21:00:00,191.53295,1792.9282800001486,TP
6c811778-42f2-41b2-8aaf-e2ff24213ecd,GBPJPY,SELL,SL_HIT,1731,2024-04-11 17:00:00,191.93899,191.93899,3882,191.46894999999995,192.19401000000002,1731,2024-04-11 18:00:00,1733,2024-04-11 20:00:00,192.19401000000002,-989.9876400001174,SL
7ba82710-b858-4215-b54a-917f13960b5a,GBPJPY,SELL,SL_HIT,1818,2024-04-17 08:00:00,192.12699,192.12699,3693,191.63895,192.39101000000002,1818,2024-04-17 09:00:00,1819,2024-04-17 10:00:00,192.39101000000002,-975.0258600000604,SL
54147157-328e-473c-8c7e-d7abea94c553,GBPJPY,SELL,TP_HIT,1855,2024-04-18 21:00:00,192.31399,192.31399,2439,191.58394999999996,192.69901000000002,1855,2024-04-18 22:00:00,1861,2024-04-19 04:00:00,191.58394999999996,1780.5675600000754,TP
8f3e592d-4de2-4d43-8b38-081e61b3bdbc,GBPJPY,SELL,SL_HIT,1860,2024-04-19 02:00:00,192.31399,192.31399,2447,191.58394999999996,192.69901000000002,1867,2024-04-19 10:00:00,1874,2024-04-19 17:00:00,192.69901000000002,-942.1439400000628,SL
0738cf5e-16ca-4e7d-b76a-7b0710d836cd,GBPJPY,SELL,SL_HIT,1892,2024-04-22 10:00:00,191.35099,191.35099,3323,190.81094999999996,191.64101000000002,1902,2024-04-22 21:00:00,1916,2024-04-23 11:00:00,191.64101000000002,-963.7364600000891,SL
f47e637e-366c-435f-8b2b-61c3534bcfc8,GBPJPY,SELL,SL_HIT,1894,2024-04-22 12:00:00,191.35099,191.35099,3323,190.81094999999996,191.64101000000002,1902,2024-04-22 21:00:00,1916,2024-04-23 11:00:00,191.64101000000002,-963.7364600000891,SL
5e16d879-8e24-487c-8187-e280a86f2f8d,GBPJPY,SELL,SL_HIT,1941,2024-04-24 11:00:00,192.55499,192.55499,2798,191.92895000000001,192.88801,1941,2024-04-24 12:00:00,1944,2024-04-24 15:00:00,192.88800999999998,-931.7899599999338,SL
f1599b30-7188-43da-a516-1225205e6a4c,GBPJPY,SELL,SL_HIT,2012,2024-04-29 10:00:00,196.02599,196.02599,1421,194.80795000000003,196.65501,2016,2024-04-29 15:00:00,2019,2024-04-29 18:00:00,196.65501,-893.8374199999957,SL
b39f8dad-9c99-4dc9-ba2c-7ae4a01c878f,GBPJPY,SELL,TP_HIT,2066,2024-05-01 16:00:00,196.94499,196.94499,1903,196.04494999999994,197.41501000000002,2066,2024-05-01 17:00:00,2072,2024-05-01 23:00:00,196.04494999999994,1712.7761200000891,TP
780d4411-9102-47b5-a6cf-2cf7d20cbe1e,GBPJPY,SELL,SL_HIT,2114,2024-05-03 16:00:00,191.86599,191.86599,1666,190.81795000000005,192.41001,2114,2024-05-03 17:00:00,2123,2024-05-06 02:00:00,192.41001,-906.3373199999818,SL
a437051e-aa59-4bc5-a917-01c749ece2e7,GBPJPY,SELL,SL_HIT,2156,2024-05-07 10:00:00,193.47099,193.47098999999997,1456,192.28495,194.08401,2156,2024-05-07 11:00:00,2181,2024-05-08 12:00:00,194.08400999999998,-892.5571200000086,SL
7c3d53a1-97c5-4d0f-89f6-de7e3f6fd3af,GBPJPY,SELL,SL_HIT,2196,2024-05-09 02:00:00,194.17099,194.17099,3375,193.66494999999995,194.44401000000002,2196,2024-05-09 03:00:00,2199,2024-05-09 06:00:00,194.44401000000002,-921.4425000001042,SL
92eea2b9-41e9-4070-a94e-82d9323761d7,GBPJPY,SELL,TP_HIT,2299,2024-05-15 09:00:00,196.85499,196.85499,4326,196.46494999999993,197.07001000000002,2299,2024-05-15 10:00:00,2300,2024-05-15 11:00:00,196.46494999999993,1687.313040000242,TP
ef53df4c-c0a9-4b3e-a98e-ad5bf77e2275,GBPJPY,SELL,TP_HIT,2305,2024-05-15 15:00:00,196.29498999999998,196.29498999999998,2041,195.45294999999993,196.73601000000002,2305,2024-05-15 16:00:00,2316,2024-05-16 03:00:00,195.45294999999993,1718.6036400001103,TP
ee418db5-4796-45ed-8506-640e5963893f,GBPJPY,SELL,TP_HIT,2402,2024-05-21 16:00:00,198.58499,198.58499,6486,198.31495,198.74001,2402,2024-05-21 17:00:00,2404,2024-05-21 19:00:00,198.31495,1751.4794399999644,TP
bece647e-983c-4214-b44b-aa1eff3fec17,GBPJPY,SELL,SL_HIT,2547,2024-05-29 17:00:00,200.37899,200.37899,8736,200.17494999999997,200.50101,2547,2024-05-29 18:00:00,2548,2024-05-29 19:00:00,200.50101,-1065.9667200001786,SL
bda18fce-0fed-47f9-8364-2885f0986dc8,GBPJPY,SELL,SL_HIT,2582,2024-05-31 04:00:00,199.49099,199.49099,2676,198.83495000000005,199.83901,2583,2024-05-31 06:00:00,2588,2024-05-31 11:00:00,199.83901,-931.3015199999762,SL
783314f1-e337-43b2-950e-6235ffc95f00,GBPJPY,SELL,SL_HIT,2648,2024-06-04 22:00:00,197.71399,197.71399,3526,197.22194999999996,197.98001000000002,2648,2024-06-04 23:00:00,2651,2024-06-05 02:00:00,197.98001000000005,-937.9865200001916,SL
1379144c-c5f2-42f8-abb7-ef0af8e5465e,GBPJPY,SELL,SL_HIT,2666,2024-06-05 16:00:00,199.30999,199.30999,2400,198.59595,199.68701000000001,2666,2024-06-05 17:00:00,2670,2024-06-05 21:00:00,199.68701000000001,-904.8480000000382,SL
7cd51ecf-345e-4574-a384-00a406551466,GBPJPY,SELL,TP_HIT,2677,2024-06-06 03:00:00,199.36599,199.36599,6229,199.09395,199.52201000000002,2677,2024-06-06 04:00:00,2678,2024-06-06 05:00:00,199.09395000000004,1694.5371599998482,TP
de3866bb-0c86-4af3-9874-e7652ad7be5c,GBPJPY,SELL,TP_HIT,2691,2024-06-06 17:00:00,199.39199,199.39198999999996,2903,198.79795,199.70901,2691,2024-06-06 18:00:00,2697,2024-06-07 00:00:00,198.79795,1724.4981199999372,TP
4cd4723f-dfc9-4d9d-ba64-a3f991a9363b,GBPJPY,SELL,SL_HIT,2696,2024-06-06 22:00:00,199.07199,199.07199,4704,198.69595,199.28001,2696,2024-06-06 23:00:00,2700,2024-06-07 03:00:00,199.28001,-978.5260800000224,SL
0889744a-762d-4f56-a852-82ded086d299,GBPJPY,SELL,SL_HIT,2709,2024-06-07 11:00:00,198.76599,198.76598999999996,5420,198.44594999999998,198.94601,2709,2024-06-07 12:00:00,2710,2024-06-07 13:00:00,198.94601,-975.7084000002254,SL
e860dcb6-a08b-4b71-a413-e2fa6f5eb810,GBPJPY,SELL,SL_HIT,2734,2024-06-10 12:00:00,199.32699,199.32699,1832,198.39294999999996,199.81401000000002,2735,2024-06-10 14:00:00,2740,2024-06-10 19:00:00,199.81401000000002,-892.2206400000541,SL
c6f7c1e6-5cde-4bb1-8834-152ce605c29a,GBPJPY,SELL,TP_HIT,2761,2024-06-11 15:00:00,200.04199,200.04199,4781,199.68795,200.23901,2761,2024-06-11 16:00:00,2762,2024-06-11 17:00:00,199.68795,1692.665239999989,TP
2fe2be0b-1282-4cf3-82f3-2116d277698f,GBPJPY,SELL,SL_HIT,2989,2024-06-25 03:00:00,202.26699,202.26699,3379,201.75695,202.54201,2989,2024-06-25 04:00:00,2996,2024-06-25 11:00:00,202.54200999999998,-929.2925799999446,SL
f7204e25-7853-477c-be8e-79ff8a0df45e,GBPJPY,SELL,SL_HIT,2991,2024-06-25 05:00:00,202.26699,202.26699,3486,201.76895,202.53601,2991,2024-06-25 06:00:00,2996,2024-06-25 11:00:00,202.53601,-937.8037200000412,SL
cbcd0046-4d3c-4550-9a15-9b21369bf1b0,GBPJPY,SELL,SL_HIT,2999,2024-06-25 13:00:00,202.34599,202.34599,4425,201.96595,202.55601000000001,2999,2024-06-25 14:00:00,3002,2024-06-25 17:00:00,202.55601000000001,-929.3385000000633,SL
ba1933d4-3e77-40b6-8826-7b9d319f4d6e,GBPJPY,SELL,SL_HIT,3036,2024-06-27 02:00:00,202.80799,202.80799,4743,202.45794999999995,203.00301000000002,3042,2024-06-27 09:00:00,3045,2024-06-27 12:00:00,203.00301000000002,-924.9798600001326,SL
d535d27b-0b79-44ba-85f4-989882929e12,GBPJPY,SELL,SL_HIT,3071,2024-06-28 13:00:00,203.26899,203.26899,4357,202.89295,203.47701,3074,2024-06-28 17:00:00,3082,2024-07-01 01:00:00,203.47701,-906.3431400000208,SL
85e68414-3d97-4f4b-8072-1263850ba86e,GBPJPY,SELL,SL_HIT,3116,2024-07-02 10:00:00,204.16998999999998,204.16998999999998,4872,203.83794999999992,204.35601000000003,3116,2024-07-02 11:00:00,3118,2024-07-02 13:00:00,204.35601000000003,-906.2894400002037,SL
9280a914-7379-49bf-8d0e-deb70f38c292,GBPJPY,SELL,SL_HIT,3166,2024-07-04 12:00:00,205.68399,205.68399,5149,205.37394999999998,205.85901,3171,2024-07-04 18:00:00,3176,2024-07-04 23:00:00,205.85901000000004,-901.1779800002375,SL
694d1d90-692b-4ace-8e3b-55769d07f2c7,GBPJPY,SELL,SL_HIT,3183,2024-07-05 05:00:00,205.53298999999998,205.53298999999998,2960,205.00094999999993,205.81901000000002,3190,2024-07-05 13:00:00,3192,2024-07-05 15:00:00,205.81901000000005,-846.6192000001911,SL
e847ddcd-4d24-4b04-8aac-5a7abb29e8b3,GBPJPY,SELL,SL_HIT,3207,2024-07-08 05:00:00,205.53999,205.53999,2295,204.86194999999998,205.89901,3207,2024-07-08 06:00:00,3210,2024-07-08 09:00:00,205.89901,-823.950900000035,SL
adf88d73-9e34-4313-9116-69834f19a19a,GBPJPY,SELL,SL_HIT,3219,2024-07-08 17:00:00,206.25399,206.25399,2203,205.55594999999994,206.62301000000002,3231,2024-07-09 06:00:00,3257,2024-07-10 08:00:00,206.62301000000002,-812.951060000076,SL
01eb0388-94e6-4e4f-9d4d-e99ffe342f17,GBPJPY,SELL,SL_HIT,3300,2024-07-12 02:00:00,204.70699,204.70699,807,202.82494999999997,205.66801,3300,2024-07-12 03:00:00,3307,2024-07-12 10:00:00,205.66801,-775.5431400000155,SL
f753402b-ad51-4b0e-87b0-5f2714258eff,GBPJPY,SELL,SL_HIT,3341,2024-07-15 19:00:00,204.97199,204.97199,3214,204.50395000000003,205.22601,3344,2024-07-15 23:00:00,3348,2024-07-16 03:00:00,205.22601,-816.4202799999905,SL
eeba1979-f04e-4a78-98a7-750148f89e33,GBPJPY,SELL,TP_HIT,3391,2024-07-17 21:00:00,203.23799,203.23799,3272,202.78394999999998,203.48501000000002,3392,2024-07-17 23:00:00,3395,2024-07-18 02:00:00,202.78394999999998,1485.6188800000668,TP
aba6d766-f288-4b4c-9b39-8dafe119fae8,GBPJPY,SELL,SL_HIT,3396,2024-07-18 02:00:00,203.01099,203.01099,5291,202.72494999999998,203.17401,3397,2024-07-18 04:00:00,3398,2024-07-18 05:00:00,203.17401000000004,-862.5388200002417,SL
2c45e8c4-028b-401e-a2ed-6600a8b075dd,GBPJPY,SELL,TP_HIT,3427,2024-07-19 09:00:00,203.49699,203.49699,1153,202.20295000000002,204.16401000000002,3427,2024-07-19 10:00:00,3450,2024-07-22 09:00:00,202.20295000000002,1492.0281199999947,TP
e9f940d1-0398-4d99-a513-a7f5a670d80d,GBPJPY,SELL,SL_HIT,3524,2024-07-25 10:00:00,196.36999,196.36999,1332,195.22795,196.96101000000002,3524,2024-07-25 11:00:00,3528,2024-07-25 15:00:00,196.96101,-787.2386399999815,SL
a94ff51e-ad0b-4fc6-8bc5-1c9ebd9daeea,GBPJPY,SELL,SL_HIT,3527,2024-07-25 13:00:00,196.20899,196.20898999999997,1410,195.11495,196.77601,3527,2024-07-25 14:00:00,3528,2024-07-25 15:00:00,196.77601,-799.4982000000593,SL
f18e38bd-17a9-4ca1-b216-9c1d14a21ea3,GBPJPY,SELL,SL_HIT,3555,2024-07-26 17:00:00,197.54199,197.54199,509,194.61995000000002,199.02301,3555,2024-07-26 18:00:00,3594,2024-07-30 09:00:00,199.02301,-753.8391800000004,SL
487fae27-cf24-4eac-a9b1-4d86f0fcf567,GBPJPY,SELL,SL_HIT,3570,2024-07-29 08:00:00,197.55698999999998,197.55698999999998,968,196.01694999999995,198.34701,3574,2024-07-29 13:00:00,3592,2024-07-30 07:00:00,198.34701000000004,-764.7393600000535,SL
39dc8860-6739-4e2d-b647-df17f591d15e,GBPJPY,SELL,SL_HIT,3588,2024-07-30 02:00:00,197.90399,197.90399,3029,197.41795,198.16701,3588,2024-07-30 03:00:00,3589,2024-07-30 04:00:00,198.16701,-796.687580000035,SL
18912199-630e-4ed0-9f32-628add6473b7,GBPJPY,SELL,SL_HIT,3590,2024-07-30 04:00:00,197.90399,197.90399,2995,197.41594999999998,198.16801,3590,2024-07-30 05:00:00,3592,2024-07-30 07:00:00,198.16801,-790.7399000000489,SL
0ce791e2-90ef-4207-8f8c-ed9dbe5473e2,GBPJPY,SELL,SL_HIT,3613,2024-07-31 03:00:00,195.87099,195.87099,2060,195.18095,196.23601000000002,3614,2024-07-31 05:00:00,3615,2024-07-31 06:00:00,196.23601000000002,-751.9412000000318,SL
2935948a-8cbf-4707-bb15-c85827f07c41,GBPJPY,SELL,TP_HIT,3624,2024-07-31 14:00:00,192.98299,192.98299,2592,192.44095000000002,193.27401,3624,2024-07-31 15:00:00,3625,2024-07-31 16:00:00,192.44095000000002,1404.9676799999634,TP
d32d948a-0f62-4cbb-9bc8-c5cc76d7ee2b,GBPJPY,SELL,SL_HIT,3626,2024-07-31 16:00:00,192.74799,192.74799,1908,191.99794999999997,193.14301,3626,2024-07-31 17:00:00,3627,2024-07-31 18:00:00,193.14301,-753.6981600000316,SL
55658051-a85e-482f-8c0c-345961004fad,GBPJPY,SELL,TP_HIT,3632,2024-07-31 22:00:00,193.06499,193.06499,1642,192.20294999999996,193.51601000000002,3632,2024-07-31 23:00:00,3636,2024-08-01 03:00:00,192.20294999999996,1415.4696800000588,TP
4a88aeb9-c55b-4c6f-b205-cf464ede9ea5,GBPJPY,SELL,SL_HIT,3643,2024-08-01 09:00:00,192.22499,192.22499,4319,191.89094999999998,192.41201,3647,2024-08-01 14:00:00,3648,2024-08-01 15:00:00,192.41201,-807.7393800000784,SL
78f63fb8-620b-4570-ab60-a0c8beedaf02,GBPJPY,SELL,TP_HIT,3657,2024-08-01 23:00:00,190.32899,190.32899,1426,189.33095,190.84801000000002,3661,2024-08-02 04:00:00,3667,2024-08-02 10:00:00,189.33095,1423.2050400000044,TP
2a50e710-472c-4023-8ad3-a11773efe19a,GBPJPY,SELL,TP_HIT,3666,2024-08-02 08:00:00,189.90198999999998,189.90198999999998,1996,189.16994999999994,190.28801,3666,2024-08-02 09:00:00,3667,2024-08-02 10:00:00,189.16994999999994,1461.1518400000807,TP
cfdf4e8a-32a2-4034-88bd-a3ea266a7f9d,GBPJPY,SELL,TP_HIT,3673,2024-08-02 15:00:00,189.50199,189.50199,2188,188.82595,189.86001000000002,3673,2024-08-02 16:00:00,3674,2024-08-02 17:00:00,188.82595,1479.175520000001,TP
a43d180c-edc9-4713-9c2e-31482e0206ff,GBPJPY,SELL,SL_HIT,3693,2024-08-05 11:00:00,181.81099,181.81099000000003,431,178.31895000000003,183.57701,3693,2024-08-05 12:00:00,3698,2024-08-05 17:00:00,183.57701,-761.1546199999866,SL
06ac5957-4806-4a0e-943e-236e44cc48ab,GBPJPY,SELL,SL_HIT,3721,2024-08-06 15:00:00,183.82498999999999,183.82498999999999,1913,183.04494999999994,184.23501000000002,3722,2024-08-06 17:00:00,3723,2024-08-06 18:00:00,184.23501000000002,-784.36826000006,SL
9f5a855f-a3f3-40be-ac4a-a6a651b0a30e,GBPJPY,SELL,SL_HIT,3729,2024-08-06 23:00:00,183.32799,183.32799,547,180.63394999999997,184.69501000000002,3729,2024-08-07 00:00:00,3733,2024-08-07 04:00:00,184.69501000000002,-747.7599400000137,SL
790ef608-c996-44e8-abd9-e2a511f2e681,GBPJPY,SELL,SL_HIT,3745,2024-08-07 15:00:00,187.15399,187.15399,4294,186.81394999999995,187.34401000000003,3745,2024-08-07 16:00:00,3746,2024-08-07 17:00:00,187.34401000000003,-815.9458800001396,SL
4bbb79c3-7f55-48d3-9ebf-94845353c961,GBPJPY,SELL,SL_HIT,3766,2024-08-08 12:00:00,185.24899,185.24899,1775,184.43694999999997,185.67501000000001,3766,2024-08-08 13:00:00,3767,2024-08-08 14:00:00,185.67501,-756.1854999999895,SL
d260d972-146a-459e-82df-bfbc89645834,GBPJPY,SELL,SL_HIT,3785,2024-08-09 07:00:00,187.50699,187.50699,1183,186.30294999999998,188.12901000000002,3785,2024-08-09 08:00:00,3810,2024-08-12 09:00:00,188.12901000000002,-735.8496600000242,SL
d00dc33a-6e35-413c-8902-60634b203862,GBPJPY,SELL,SL_HIT,3793,2024-08-09 15:00:00,187.26399,187.26399,1022,185.84395000000004,187.99401,3795,2024-08-09 18:00:00,3810,2024-08-12 09:00:00,187.99401,-746.0804399999961,SL
f6f0b659-ce96-4b3f-9b54-aa53f5e67d07,GBPJPY,SELL,SL_HIT,3826,2024-08-13 00:00:00,187.87899,187.87899,3502,187.48094999999995,188.09801000000002,3826,2024-08-13 01:00:00,3829,2024-08-13 04:00:00,188.09801000000002,-767.0080400001011,SL
2d8c9abf-da57-4c44-a5a0-fa3174829ffd,GBPJPY,SELL,SL_HIT,3828,2024-08-13 02:00:00,187.87899,187.87899,3547,187.48094999999995,188.09801000000002,3828,2024-08-13 03:00:00,3829,2024-08-13 04:00:00,188.09801000000002,-776.8639400001024,SL
81d95b9c-31c7-4222-9d06-863f7cdb277e,GBPJPY,SELL,SL_HIT,3855,2024-08-14 05:00:00,188.64499,188.64499,1231,187.54095,189.21701000000002,3855,2024-08-14 06:00:00,3859,2024-08-14 10:00:00,189.21701000000002,-704.1566200000111,SL
f4b5bf13-8967-4aca-ab78-a3bf830ad538,GBPJPY,SELL,SL_HIT,3863,2024-08-14 13:00:00,188.89699,188.89699,5053,188.63094999999996,189.05001000000001,3864,2024-08-14 15:00:00,3865,2024-08-14 16:00:00,189.05001000000001,-773.2100600001331,SL
8712ffbb-12a7-40d1-b9ad-153a1a6bf544,GBPJPY,SELL,SL_HIT,3949,2024-08-20 03:00:00,190.28898999999998,190.28898999999998,2482,189.75494999999992,190.57601000000003,3950,2024-08-20 05:00:00,3951,2024-08-20 06:00:00,190.57601000000003,-712.3836400001015,SL
f5f46c62-451c-437a-a363-fa1212a5198c,GBPJPY,SELL,SL_HIT,3988,2024-08-21 18:00:00,190.01599,190.01599,1097,188.82194999999996,190.63301,3988,2024-08-21 19:00:00,4004,2024-08-22 11:00:00,190.63301,-676.8709400000274,SL
d12d3bbf-5554-4d5d-bf75-fde1f46fdd63,GBPJPY,SELL,SL_HIT,3991,2024-08-21 21:00:00,189.84799,189.84799,3597,189.47995,190.05201000000002,3991,2024-08-21 22:00:00,3992,2024-08-21 23:00:00,190.05201000000002,-733.8599400000506,SL
2ef1cfc6-87e6-4c4b-850d-3e7eea4becc6,GBPJPY,SELL,SL_HIT,4022,2024-08-23 04:00:00,191.09699,191.09699000000003,1821,190.39495,191.46801000000002,4024,2024-08-23 07:00:00,4028,2024-08-23 11:00:00,191.46801,-675.627419999925,SL
a6a2962e-7075-4343-97d9-a9ec8f54e09b,GBPJPY,SELL,SL_HIT,4051,2024-08-26 09:00:00,189.88398999999998,189.88398999999998,2367,189.34994999999992,190.17101000000002,4052,2024-08-26 11:00:00,4055,2024-08-26 14:00:00,190.17101000000002,-679.3763400000969,SL
c965dd27-493b-4ae7-a6e3-6ff4a526e9f6,GBPJPY,SELL,SL_HIT,4067,2024-08-27 01:00:00,190.48699,190.48699,4136,190.18494999999996,190.65801000000002,4067,2024-08-27 02:00:00,4068,2024-08-27 03:00:00,190.65801000000002,-707.3387200001118,SL
7eb7aff3-25cd-4b6f-a46b-d7c262d7ce39,GBPJPY,SELL,SL_HIT,4102,2024-08-28 12:00:00,190.99999,190.99999,2282,190.45994999999996,191.29001000000002,4103,2024-08-28 14:00:00,4105,2024-08-28 16:00:00,191.29001000000002,-661.8256400000612,SL
1ff863de-327e-4c2d-8493-89a42745ec67,GBPJPY,SELL,SL_HIT,4110,2024-08-28 20:00:00,190.68999,190.68999,4006,190.38594999999995,190.86201000000003,4110,2024-08-28 21:00:00,4111,2024-08-28 22:00:00,190.86201000000003,-689.1121200001274,SL
1edb524d-60b7-4c9e-9eda-d876805b0771,GBPJPY,SELL,SL_HIT,4115,2024-08-29 01:00:00,190.46799,190.46799,2050,189.88194999999996,190.78101,4115,2024-08-29 02:00:00,4116,2024-08-29 03:00:00,190.78101,-641.6910000000471,SL
7d7f9463-eb33-4574-845e-be6e87ff5a5a,GBPJPY,SELL,SL_HIT,4126,2024-08-29 12:00:00,190.86199,190.86199,1305,189.95194999999995,191.33701000000002,4128,2024-08-29 15:00:00,4129,2024-08-29 16:00:00,191.33701000000002,-619.901100000038,SL
96755534-d630-412e-9423-9df3ba457ef9,GBPJPY,SELL,SL_HIT,4141,2024-08-30 03:00:00,190.67699,190.67699,4976,190.44095,190.81501,4141,2024-08-30 04:00:00,4145,2024-08-30 08:00:00,190.81501,-686.7875200000576,SL
e69f473f-3840-437a-8b52-840f29709918,GBPJPY,SELL,SL_HIT,4167,2024-09-02 05:00:00,191.67299,191.67299,950,190.45494999999997,192.30201000000002,4169,2024-09-02 08:00:00,4171,2024-09-02 10:00:00,192.30201,-597.5689999999972,SL
619a3840-095c-43b8-a3e5-7d1687461036,GBPJPY,SELL,SL_HIT,4188,2024-09-03 02:00:00,192.93399,192.93399,3428,192.59994999999998,193.12101,4188,2024-09-03 03:00:00,4189,2024-09-03 04:00:00,193.12101,-641.1045600000623,SL
b2c8e5d6-1d11-49de-afbd-ad788c79d65b,GBPJPY,SELL,TP_HIT,4190,2024-09-03 04:00:00,192.81999,192.81999,1264,191.92594999999997,193.28701,4190,2024-09-03 05:00:00,4193,2024-09-03 08:00:00,191.92594999999997,1130.066560000023,TP
f0719e34-a54c-46c2-b52d-aef472d05bd8,GBPJPY,SELL,TP_HIT,4213,2024-09-04 03:00:00,190.59799,190.59799,1238,189.66795000000005,191.08301,4213,2024-09-04 04:00:00,4226,2024-09-04 17:00:00,189.66795000000005,1151.3895199999538,TP
71cd5ad9-974a-4467-b2ab-efa24749584b,GBPJPY,SELL,TP_HIT,4219,2024-09-04 09:00:00,190.22299,190.22299,1426,189.39095,190.65901000000002,4220,2024-09-04 11:00:00,4228,2024-09-04 19:00:00,189.39094999999998,1186.4890400000495,TP
195750c5-6d40-4133-b817-bdc8fd4c27d7,GBPJPY,SELL,SL_HIT,4243,2024-09-05 09:00:00,188.38398999999998,188.38398999999998,807,186.90194999999994,189.14501,4243,2024-09-05 10:00:00,4244,2024-09-05 11:00:00,189.14501000000004,-614.1431400000475,SL
1a4f70e9-4700-4538-8d02-94e92d0ba175,GBPJPY,SELL,TP_HIT,4261,2024-09-06 03:00:00,188.80899,188.80899,1119,187.75095,189.35801,4261,2024-09-06 04:00:00,4265,2024-09-06 08:00:00,187.75095,1183.9467600000062,TP
c615be4a-b0b4-4b18-a858-cbf8926c9cef,GBPJPY,SELL,SL_HIT,4263,2024-09-06 05:00:00,188.80899,188.80899,1124,187.75095,189.35801,4272,2024-09-06 15:00:00,4273,2024-09-06 16:00:00,189.35801,-617.0984800000145,SL
1636b539-6cb5-4b7b-a1d2-a8ddca3830f9,GBPJPY,SELL,SL_HIT,4282,2024-09-09 00:00:00,186.64598999999998,186.64598999999998,1535,185.86794999999995,187.05501,4282,2024-09-09 01:00:00,4283,2024-09-09 02:00:00,187.05500999999998,-627.8456999999971,SL
ace828ca-fae1-427b-9398-d254dcbbb698,GBPJPY,SELL,SL_HIT,4346,2024-09-11 16:00:00,184.95799,184.95799,663,183.17794999999995,185.86801000000003,4348,2024-09-11 19:00:00,4355,2024-09-12 02:00:00,185.86801000000003,-603.3432600000208,SL
e1dbcf96-104d-402d-939c-46ad22157cc3,GBPJPY,SELL,TP_HIT,4368,2024-09-12 14:00:00,185.96199,185.96199,2486,185.49194999999995,186.21701000000002,4368,2024-09-12 15:00:00,4369,2024-09-12 16:00:00,185.49194999999995,1168.5194400000994,TP
248e078c-6e60-4615-9dd9-eb2549859613,GBPJPY,SELL,SL_HIT,4394,2024-09-13 16:00:00,184.63499,184.63499,2490,184.15694999999997,184.89401,4394,2024-09-13 17:00:00,4395,2024-09-13 18:00:00,184.89401,-644.959800000052,SL
1f7a910e-3999-46e0-baeb-481829318d26,GBPJPY,SELL,SL_HIT,4402,2024-09-16 00:00:00,184.81199,184.81199,4169,184.52995,184.97301000000002,4402,2024-09-16 01:00:00,4403,2024-09-16 02:00:00,184.97301000000002,-671.2923800000322,SL
e1a746e4-1d2c-4980-913f-9530d10af35b,GBPJPY,SELL,SL_HIT,4408,2024-09-16 06:00:00,184.61299,184.61299,1550,183.86495,185.00701,4413,2024-09-16 12:00:00,4414,2024-09-16 13:00:00,185.00701,-610.7310000000183,SL
4bdf28e5-8046-40c8-8fcd-253ecefec457,GBPJPY,SELL,SL_HIT,4454,2024-09-18 04:00:00,186.48299,186.48298999999997,731,184.91495,187.28701,4458,2024-09-18 09:00:00,4459,2024-09-18 10:00:00,187.28701,-587.7386200000269,SL
510bba77-1865-475d-96fe-f35454350c57,GBPJPY,SELL,SL_HIT,4471,2024-09-18 21:00:00,187.06898999999999,187.06898999999999,1007,185.94294999999994,187.65201000000002,4471,2024-09-18 22:00:00,4472,2024-09-18 23:00:00,187.65201000000002,-587.1011400000334,SL
9589b8cc-9eac-4742-b6ca-564073621863,GBPJPY,SELL,TP_HIT,4482,2024-09-19 08:00:00,188.90699,188.90699,2698,188.49095,189.13501000000002,4482,2024-09-19 09:00:00,4483,2024-09-19 10:00:00,188.49095,1122.4759200000258,TP
9ea75150-d9e0-4752-a0cf-7508d7f2ccff,GBPJPY,SELL,SL_HIT,4491,2024-09-19 17:00:00,189.46599,189.46599,667,187.75395,190.34201000000002,4491,2024-09-19 18:00:00,4506,2024-09-20 09:00:00,190.34201000000002,-584.3053400000074,SL
80c5f593-30b6-4860-9433-ff3ccf02389b,GBPJPY,SELL,SL_HIT,4501,2024-09-20 03:00:00,189.23999,189.23999,1179,188.26194999999998,189.74901000000003,4502,2024-09-20 05:00:00,4506,2024-09-20 09:00:00,189.74901000000003,-600.1345800000247,SL
08e5e446-8673-49c5-8cf2-28af8db953c9,GBPJPY,SELL,SL_HIT,4505,2024-09-20 07:00:00,189.07399,189.07399,2874,188.66795000000005,189.29701,4505,2024-09-20 08:00:00,4506,2024-09-20 09:00:00,189.29700999999997,-640.9594799998928,SL
8c464096-c449-4bbc-850f-370ee4aee3be,GBPJPY,SELL,SL_HIT,4564,2024-09-24 18:00:00,192.38899,192.38899000000004,1404,191.60295,192.80201000000002,4565,2024-09-24 20:00:00,4580,2024-09-25 11:00:00,192.80201,-579.8800799999444,SL
4bb9ec24-847a-4de8-a34d-ac6ae436990a,GBPJPY,SELL,SL_HIT,4608,2024-09-26 14:00:00,192.99599,192.99599,1061,191.96795000000003,193.53001,4608,2024-09-26 15:00:00,4610,2024-09-26 17:00:00,193.53001,-566.5952199999981,SL
681052ac-d2b2-43bb-a2f6-1c981162431a,GBPJPY,SELL,SL_HIT,4633,2024-09-27 15:00:00,191.39199,191.39199,1559,190.69994999999997,191.75801,4633,2024-09-27 16:00:00,4634,2024-09-27 17:00:00,191.75801,-570.6251800000315,SL
47820399-0735-47bb-a085-8d0ebce62625,GBPJPY,SELL,TP_HIT,4637,2024-09-27 19:00:00,191.01899,191.01899,1050,190.00295000000003,191.54701,4643,2024-09-30 02:00:00,4649,2024-09-30 08:00:00,190.00295000000003,1066.8419999999742,TP
29554dfe-1e4e-46af-b902-1fe4fedff887,GBPJPY,SELL,SL_HIT,4650,2024-09-30 08:00:00,190.09499,190.09499,556,188.13894999999997,191.09301000000002,4650,2024-09-30 09:00:00,4652,2024-09-30 11:00:00,191.09301000000002,-554.899120000014,SL
2b2f40c5-b4f1-440d-bed4-04e5e593ccd3,GBPJPY,SELL,SL_HIT,4677,2024-10-01 11:00:00,191.92999,191.92999,489,189.72995,193.05001000000001,4681,2024-10-01 16:00:00,4704,2024-10-02 15:00:00,193.05001000000001,-547.6897800000054,SL
ac31345c-4d12-40dc-9e2b-4c8f5884bc0a,GBPJPY,SELL,SL_HIT,4728,2024-10-03 14:00:00,192.46699,192.46699,2305,192.00495,192.71801000000002,4728,2024-10-03 15:00:00,4730,2024-10-03 17:00:00,192.71801000000002,-578.6011000000257,SL
83cfdd62-6c60-467f-b3c3-6491800e70f0,GBPJPY,SELL,SL_HIT,4730,2024-10-03 16:00:00,192.30499,192.30499,3568,192.00095000000002,192.47701,4730,2024-10-03 17:00:00,4731,2024-10-03 18:00:00,192.47701,-613.7673600000121,SL
efed16cf-b26c-4d29-939d-da5e80edccd5,GBPJPY,SELL,SL_HIT,4745,2024-10-04 07:00:00,192.19199,192.19199,896,191.03395000000003,192.79101,4746,2024-10-04 09:00:00,4749,2024-10-04 12:00:00,192.79101,-536.7219199999963,SL
51f6580e-b5b2-4dbd-a90d-3792a67470d1,GBPJPY,SELL,TP_HIT,4765,2024-10-07 03:00:00,194.93299,194.93299,1210,194.08494999999996,195.37701,4765,2024-10-07 04:00:00,4771,2024-10-07 10:00:00,194.08494999999996,1026.1284000000314,TP
9a128d77-1ba7-4f8c-8aee-6b50d2ad2a11,GBPJPY,SELL,TP_HIT,4770,2024-10-07 08:00:00,194.74999,194.74999,1934,194.20994999999996,195.04001000000002,4770,2024-10-07 09:00:00,4771,2024-10-07 10:00:00,194.20994999999996,1044.437360000064,TP
8d3f9f80-9b41-4d26-b6f0-e9b7564d2e4b,GBPJPY,SELL,TP_HIT,4777,2024-10-07 15:00:00,193.89199,193.89199,1951,193.34595,194.18501,4779,2024-10-07 18:00:00,4786,2024-10-08 01:00:00,193.34595,1065.3240400000097,TP
99e9d4a5-81ae-423f-9477-debd2bae02b1,GBPJPY,SELL,SL_HIT,4787,2024-10-08 01:00:00,193.57299,193.57298999999998,2714,193.17295000000001,193.79301,4787,2024-10-08 02:00:00,4788,2024-10-08 03:00:00,193.79301000000004,-597.1342800001685,SL
bd825d75-7d28-405f-a066-7f6e3b0703b7,GBPJPY,SELL,TP_HIT,4846,2024-10-10 12:00:00,194.88499,194.88499,1333,194.08094999999994,195.30701000000002,4847,2024-10-10 14:00:00,4848,2024-10-10 15:00:00,194.08094999999994,1071.7853200000575,TP
32032bf8-f4fd-43ca-bc39-2ad9587014f6,GBPJPY,SELL,TP_HIT,4928,2024-10-15 22:00:00,195.11299,195.11299,2093,194.59095,195.39401,4931,2024-10-16 02:00:00,4933,2024-10-16 04:00:00,194.59095,1092.6297200000085,TP
1ea3ba5f-8ab0-4e99-b793-c308dc28cc7b,GBPJPY,SELL,SL_HIT,5006,2024-10-21 04:00:00,194.76099,194.76099,1140,193.78494999999998,195.26901,5006,2024-10-21 05:00:00,5012,2024-10-21 11:00:00,195.26901,-579.1428000000184,SL
d586d531-5dd5-4c8e-9ca9-603933a07ae0,GBPJPY,SELL,SL_HIT,5092,2024-10-24 18:00:00,196.92399,196.92399,925,195.73395,197.53901000000002,5094,2024-10-24 21:00:00,5113,2024-10-25 16:00:00,197.53901000000002,-568.8935000000142,SL
8b30fb6f-0a91-462e-b5f4-6777db5c3a89,GBPJPY,SELL,SL_HIT,5105,2024-10-25 07:00:00,196.76699,196.76699000000002,1563,196.05694999999994,197.14201000000003,5106,2024-10-25 09:00:00,5107,2024-10-25 10:00:00,197.14201000000003,-586.15626000001,SL
4163bdf7-c14e-4f91-9ef8-5d0469920f72,GBPJPY,SELL,SL_HIT,5135,2024-10-28 12:00:00,198.16199,198.16199,478,195.91395,199.30601000000001,5135,2024-10-28 13:00:00,5159,2024-10-29 13:00:00,199.30601000000004,-546.8415600000192,SL
87ece475-ec12-4723-898f-000f5da18f54,GBPJPY,SELL,SL_HIT,5154,2024-10-29 07:00:00,198.20899,198.20899,925,197.04495,198.81101,5154,2024-10-29 08:00:00,5156,2024-10-29 10:00:00,198.81101,-556.8685000000095,SL
575e69c9-99d5-4bce-a1ee-40fd9e94973d,GBPJPY,SELL,TP_HIT,5174,2024-10-30 03:00:00,199.39799,199.39799,2878,199.03195,199.60101,5174,2024-10-30 04:00:00,5180,2024-10-30 10:00:00,199.03195,1053.4631199999947,TP
9ba4da75-0361-4a35-9db2-a8024f644920,GBPJPY,SELL,TP_HIT,5176,2024-10-30 05:00:00,199.39799,199.39799000000002,2902,199.03195,199.60101,5178,2024-10-30 08:00:00,5180,2024-10-30 10:00:00,199.03195,1062.2480800000772,TP
734e65d6-5555-4702-87df-bf6d4034feaf,GBPJPY,SELL,TP_HIT,5181,2024-10-30 10:00:00,199.19398999999999,199.19398999999999,2237,198.70594999999997,199.45801,5181,2024-10-30 11:00:00,5182,2024-10-30 12:00:00,198.70594999999997,1091.7454800000273,TP
8833010f-399d-4b9a-be02-0b8acba8e95a,GBPJPY,SELL,TP_HIT,5200,2024-10-31 05:00:00,198.54999,198.54999,2279,198.06195,198.81401000000002,5209,2024-10-31 15:00:00,5210,2024-10-31 16:00:00,198.06195,1112.243160000028,TP
32418343-f4d3-40bc-b0af-22740fd4bd2d,GBPJPY,SELL,SL_HIT,5214,2024-10-31 19:00:00,195.84299,195.84299,2370,195.36494999999996,196.10201,5214,2024-10-31 20:00:00,5216,2024-10-31 22:00:00,196.10201,-613.8774000000495,SL
8aae3108-2052-4cb7-86e5-610eb9ce0164,GBPJPY,SELL,SL_HIT,5243,2024-11-04 01:00:00,197.43599,197.43599,693,195.82195000000002,198.26301,5249,2024-11-04 08:00:00,5292,2024-11-06 03:00:00,198.26300999999998,-573.1248599999834,SL
fd8e239e-a146-4515-bf2b-b581485e38a7,GBPJPY,SELL,SL_HIT,5254,2024-11-04 12:00:00,196.93099,196.93099,856,195.60295000000002,197.61501,5256,2024-11-04 15:00:00,5271,2024-11-05 06:00:00,197.61501,-585.5211200000033,SL
bfce3495-60dd-4a9a-ad5b-e5416e9b6b7a,GBPJPY,SELL,SL_HIT,5281,2024-11-05 15:00:00,197.52499,197.52499,2390,197.06295,197.77601,5281,2024-11-05 16:00:00,5282,2024-11-05 17:00:00,197.77601,-599.9378000000265,SL
3fd5a46a-fa5f-4bbe-b465-5b7ead15d9e0,GBPJPY,SELL,SL_HIT,5287,2024-11-05 21:00:00,197.38499,197.38498999999996,1503,196.65294999999995,197.77101000000002,5287,2024-11-05 22:00:00,5290,2024-11-06 01:00:00,197.77101000000002,-580.1880600000885,SL
eff91d30-3cb1-4aea-a770-5f443f2bc8f7,GBPJPY,SELL,SL_HIT,5315,2024-11-07 01:00:00,198.95299,198.95299,2397,198.50695000000002,199.19601,5315,2024-11-07 02:00:00,5316,2024-11-07 03:00:00,199.19601,-582.5189400000032,SL
a54b402c-c13d-42ba-9368-8f1208399e5c,GBPJPY,SELL,TP_HIT,5325,2024-11-07 11:00:00,198.77399,198.77399,844,197.52394999999999,199.41901000000001,5325,2024-11-07 12:00:00,5347,2024-11-08 10:00:00,197.52394999999999,1055.0337600000107,TP
c24f9d9b-10e8-43b5-901c-fe093cb7a444,GBPJPY,SELL,TP_HIT,5334,2024-11-07 20:00:00,198.68899,198.68899,1054,197.67494999999997,199.21601,5334,2024-11-07 21:00:00,5347,2024-11-08 10:00:00,197.67494999999997,1068.798160000024,TP
999e97d9-5bf8-4a51-bbc6-cf08bcf5bc36,GBPJPY,SELL,SL_HIT,5356,2024-11-08 18:00:00,197.21599,197.21599,1255,196.34195000000003,197.67301,5358,2024-11-08 21:00:00,5363,2024-11-11 02:00:00,197.67301,-573.5600999999999,SL
a03d6f3d-fa68-4598-81c7-79487005d06f,GBPJPY,SELL,TP_HIT,5374,2024-11-11 12:00:00,198.10799,198.10799,2411,197.65795,198.35301,5374,2024-11-11 13:00:00,5383,2024-11-11 22:00:00,197.65795,1085.0464400000033,TP
0ed71f77-a49a-4167-823b-32ce0e4e8d0e,GBPJPY,SELL,SL_HIT,5383,2024-11-11 21:00:00,197.83199,197.83199,3494,197.51194999999998,198.01201,5384,2024-11-11 23:00:00,5388,2024-11-12 03:00:00,198.01201,-628.989880000046,SL
dff5cc51-a016-4a4a-8b00-3679b4234e1f,GBPJPY,SELL,TP_HIT,5391,2024-11-12 05:00:00,197.62599,197.62599,1442,196.86995000000002,198.02401,5397,2024-11-12 12:00:00,5409,2024-11-13 00:00:00,196.86995000000005,1090.2096799999367,TP
4ca478e7-24b4-48e5-b22e-6fd780cc643e,GBPJPY,SELL,SL_HIT,5426,2024-11-13 16:00:00,197.10699,197.10699,1246,196.21495,197.57301,5426,2024-11-13 17:00:00,5428,2024-11-13 19:00:00,197.57301,-580.6609200000181,SL
7d9d959f-943d-4514-91da-2837391aa974,GBPJPY,SELL,SL_HIT,5446,2024-11-14 12:00:00,197.34299,197.34299,934,196.16694999999993,197.95101000000003,5446,2024-11-14 13:00:00,5450,2024-11-14 17:00:00,197.95101000000003,-567.8906800000364,SL
2eb83e44-7f1e-4716-9e6b-91fb7cad4519,GBPJPY,SELL,TP_HIT,5473,2024-11-15 15:00:00,196.55698999999998,196.55698999999998,725,195.05894999999992,197.32601000000003,5473,2024-11-15 16:00:00,5475,2024-11-15 18:00:00,195.0589499999999,1086.079000000064,TP
2c25b57c-eb2a-460e-892e-30867f9cac04,GBPJPY,SELL,SL_HIT,5491,2024-11-18 09:00:00,195.23699,195.23699,4656,194.99894999999998,195.37601,5491,2024-11-18 10:00:00,5492,2024-11-18 11:00:00,195.37601,-647.2771200000761,SL
66ba8abe-0399-4475-b68f-23006a175a36,GBPJPY,SELL,TP_HIT,5509,2024-11-19 03:00:00,195.53099,195.53099,1022,194.46295,196.08501,5510,2024-11-19 05:00:00,5515,2024-11-19 10:00:00,194.46295,1091.5368799999962,TP
639be523-ccd4-41ca-bc9f-ffd42d351905,GBPJPY,SELL,SL_HIT,5521,2024-11-19 15:00:00,194.14799,194.14799,1060,193.09794999999997,194.69301000000002,5521,2024-11-19 16:00:00,5522,2024-11-19 17:00:00,194.69301000000002,-577.7212000000236,SL
59bb3e9c-135f-4a38-92bb-8780360504d2,GBPJPY,SELL,TP_HIT,5556,2024-11-21 02:00:00,196.34499,196.34499,2094,195.81894999999997,196.62801000000002,5560,2024-11-21 07:00:00,5561,2024-11-21 08:00:00,195.81894999999997,1101.5277600000486,TP
2f1b0108-2114-4d8d-a8ed-4d6181302e48,GBPJPY,SELL,TP_HIT,5562,2024-11-21 08:00:00,196.08499,196.08499,2597,195.65295000000003,196.32101,5563,2024-11-21 10:00:00,5564,2024-11-21 11:00:00,195.65295000000003,1122.0078799999278,TP
efd54b89-e814-40f3-83b5-17145d8ad559,GBPJPY,SELL,SL_HIT,5579,2024-11-22 01:00:00,194.32799,194.32799,4684,194.08395000000002,194.47001,5579,2024-11-22 02:00:00,5582,2024-11-22 05:00:00,194.47001,-665.2216800000106,SL
06ea7e51-0835-4949-853e-a33b9b791c5f,GBPJPY,SELL,SL_HIT,5605,2024-11-25 03:00:00,193.94499,193.94499,2086,193.40494999999996,194.23501000000002,5607,2024-11-25 06:00:00,5608,2024-11-25 07:00:00,194.23501000000002,-604.9817200000559,SL
93be0ca4-fd4a-4669-bc5f-b64006ef7a93,GBPJPY,SELL,TP_HIT,5618,2024-11-25 16:00:00,193.83399,193.83399,2017,193.28194999999997,194.13001000000003,5619,2024-11-25 18:00:00,5626,2024-11-26 01:00:00,193.28194999999997,1113.4646800000678,TP
0c717a98-e4b0-4e01-9033-5e1f48511509,GBPJPY,SELL,TP_HIT,5643,2024-11-26 17:00:00,192.87599,192.87599,824,191.49995,193.58401,5643,2024-11-26 18:00:00,5655,2024-11-27 06:00:00,191.49995000000004,1133.8569599999676,TP
2136e4a6-a010-4443-88d6-43cbcd2a17ad,GBPJPY,SELL,TP_HIT,5710,2024-11-29 12:00:00,190.63799,190.63799,2862,190.23395,190.86001000000002,5711,2024-11-29 14:00:00,5712,2024-11-29 15:00:00,190.23395,1156.362480000026,TP
ab2921c9-3c2d-4f39-b3ef-3491d1f62237,GBPJPY,SELL,SL_HIT,5713,2024-11-29 15:00:00,190.36299,190.36299,2045,189.78694999999996,190.67101000000002,5713,2024-11-29 16:00:00,5714,2024-11-29 17:00:00,190.67101000000002,-629.9009000000563,SL
10c5380d-e2ea-428d-85af-014854493846,GBPJPY,SELL,TP_HIT,5736,2024-12-02 14:00:00,190.54099,190.54099,1341,189.67295,190.99501,5736,2024-12-02 15:00:00,5737,2024-12-02 16:00:00,189.67295,1164.0416400000104,TP
d85bc490-7104-4e73-aba1-934a4450049f,GBPJPY,SELL,SL_HIT,5760,2024-12-03 14:00:00,189.44998999999999,189.44999,753,187.87594999999996,190.25701,5768,2024-12-03 23:00:00,5776,2024-12-04 07:00:00,190.25701,-607.6860599999957,SL
a5c1258e-0814-456b-b98f-02b0e02897e4,GBPJPY,SELL,SL_HIT,5796,2024-12-05 02:00:00,190.86699,190.86699,1672,190.16494999999998,191.23801,5796,2024-12-05 03:00:00,5805,2024-12-05 12:00:00,191.23801,-620.3454400000262,SL
20083f02-27a5-4358-ba54-85b7eb0ee45c,GBPJPY,SELL,SL_HIT,5801,2024-12-05 07:00:00,190.73199,190.73199,1526,189.95194999999995,191.14201000000003,5802,2024-12-05 09:00:00,5803,2024-12-05 10:00:00,191.14201000000003,-625.6905200000479,SL
5739851a-3e6e-41df-bbcf-2fca733d5975,GBPJPY,SELL,SL_HIT,5834,2024-12-06 16:00:00,190.99399,190.99399,479,188.60195,192.21001,5834,2024-12-06 17:00:00,5853,2024-12-09 12:00:00,192.21001,-582.4735800000069,SL
9102e61f-17f1-48d5-9300-81014cbc395d,GBPJPY,SELL,SL_HIT,5836,2024-12-06 18:00:00,190.99399,190.99399,480,188.60195,192.21001,5837,2024-12-06 20:00:00,5853,2024-12-09 12:00:00,192.21001000000004,-583.6896000000206,SL
1b2818c1-9d0a-4eb1-9a03-6e5ba49cc70d,GBPJPY,SELL,SL_HIT,5848,2024-12-09 06:00:00,190.84399,190.84399,2330,190.34595,191.11301,5849,2024-12-09 08:00:00,5850,2024-12-09 09:00:00,191.11301,-626.8166000000275,SL
8be93283-b23a-4954-ab0a-58378590f081,GBPJPY,SELL,SL_HIT,5873,2024-12-10 07:00:00,192.58599,192.58599,1180,191.64595,193.07601000000003,5873,2024-12-10 08:00:00,5874,2024-12-10 09:00:00,193.07601000000003,-578.2236000000182,SL
3f463cb7-ca22-481e-9e3f-77233d3ab754,GBPJPY,SELL,SL_HIT,5899,2024-12-11 09:00:00,193.46999,193.46999000000002,1904,192.89394999999996,193.77801000000002,5900,2024-12-11 11:00:00,5901,2024-12-11 12:00:00,193.77801000000002,-586.4700799999982,SL
53d20305-d2c0-4274-b74d-c647256f3794,GBPJPY,SELL,SL_HIT,5906,2024-12-11 16:00:00,194.13099,194.13099,1557,193.43494999999996,194.49901000000003,5906,2024-12-11 17:00:00,5908,2024-12-11 19:00:00,194.49901,-573.0071400000021,SL
8a33dc85-5774-41e2-9736-54eafafa34ca,GBPJPY,SELL,TP_HIT,5931,2024-12-12 17:00:00,193.50699,193.50699000000003,1653,192.85895000000002,193.85101,5931,2024-12-12 18:00:00,5946,2024-12-13 09:00:00,192.85895000000002,1071.2101200000145,TP
19db1688-3678-4f72-acfd-d057ae0b8c5b,GBPJPY,SELL,SL_HIT,5946,2024-12-13 08:00:00,193.48599,193.48599000000002,2764,193.09594999999993,193.70101000000003,5948,2024-12-13 11:00:00,5949,2024-12-13 12:00:00,193.70101000000005,-594.3152800001055,SL
a63e2085-4d2f-4f48-9fd7-98b493384625,GBPJPY,SELL,SL_HIT,5997,2024-12-17 11:00:00,195.28099,195.28099,1545,194.58295,195.65001,5997,2024-12-17 12:00:00,6024,2024-12-18 15:00:00,195.65001,-570.1359000000094,SL
e270b77a-c102-4b78-b658-9181d5864d81,GBPJPY,SELL,SL_HIT,6002,2024-12-17 16:00:00,195.09699,195.09698999999998,1616,194.41495000000003,195.45801,6002,2024-12-17 17:00:00,6011,2024-12-18 02:00:00,195.45801,-583.40832000004,SL
59e5e325-ae3d-4d89-849d-4a7a8bbff69a,GBPJPY,SELL,SL_HIT,6031,2024-12-18 21:00:00,195.24099,195.24099,2241,194.77095000000003,195.49601,6037,2024-12-19 04:00:00,6038,2024-12-19 05:00:00,195.49601,-571.4998200000041,SL
776c2ffa-3478-4605-bf3f-98b2306803b5,GBPJPY,SELL,SL_HIT,6069,2024-12-20 11:00:00,196.07399,196.07399,2575,195.66995,196.29601000000002,6069,2024-12-20 12:00:00,6072,2024-12-20 15:00:00,196.29601000000002,-571.701500000038,SL
c81196c0-fd70-4647-9aae-a26c26bb87ed,GBPJPY,SELL,SL_HIT,6094,2024-12-23 12:00:00,196.77799,196.77799,3617,196.49394999999998,196.94001,6095,2024-12-23 14:00:00,6097,2024-12-23 16:00:00,196.94001,-586.0263400000451,SL
e558ccae-80f9-4f63-92d0-06a78c9dfa09,GBPJPY,SELL,SL_HIT,6128,2024-12-24 22:00:00,196.82999,196.82999,2436,196.41395,197.05801000000002,6128,2024-12-24 23:00:00,6129,2024-12-26 00:00:00,197.05801000000002,-555.4567200000365,SL
35cb4a00-4290-403f-bb4e-897505c2c9ae,GBPJPY,SELL,SL_HIT,6188,2024-12-30 10:00:00,198.47899,198.47899,2540,198.08495000000005,198.69601,6188,2024-12-30 11:00:00,6189,2024-12-30 12:00:00,198.69601,-551.2307999999769,SL
88e87fbe-86de-4b08-9930-e600fa671c63,GBPJPY,SELL,SL_HIT,6241,2025-01-02 17:00:00,194.51999,194.51998999999998,2994,194.18995,194.70501000000002,6241,2025-01-02 18:00:00,6242,2025-01-02 19:00:00,194.70501000000002,-553.9498800001109,SL
bedd6cf7-c01c-4717-a3df-4b7dffe0f02d,GBPJPY,SELL,TP_HIT,6310,2025-01-07 14:00:00,197.68299,197.68299,1175,196.85294999999994,198.11801000000003,6310,2025-01-07 15:00:00,6329,2025-01-08 10:00:00,196.85294999999994,975.297000000063,TP
298d4dd1-80af-49a7-a219-05497f3fec27,GBPJPY,SELL,TP_HIT,6329,2025-01-08 09:00:00,197.21499,197.21499,1674,196.61694999999997,197.53401000000002,6329,2025-01-08 10:00:00,6332,2025-01-08 13:00:00,196.61694999999995,1001.118960000091,TP
cba58236-02aa-4580-9694-a616d86e68c5,GBPJPY,SELL,TP_HIT,6345,2025-01-09 01:00:00,195.53999,195.53998999999996,1911,195.00994999999995,195.82501000000002,6345,2025-01-09 02:00:00,6348,2025-01-09 05:00:00,195.00994999999995,1012.9064400000265,TP
a34b635a-45c0-4ef5-84f6-1e60528e66b1,GBPJPY,SELL,TP_HIT,6376,2025-01-10 08:00:00,194.28799,194.28799,1167,193.40395000000004,194.75001,6376,2025-01-10 09:00:00,6383,2025-01-10 16:00:00,193.40395000000004,1031.6746799999655,TP
f7a4b212-840e-42b9-b6f7-078734027f49,GBPJPY,SELL,SL_HIT,6378,2025-01-10 10:00:00,194.22499,194.22499,1216,193.36294999999996,194.67601000000002,6378,2025-01-10 11:00:00,6382,2025-01-10 15:00:00,194.67601000000002,-548.4403200000343,SL
09ecb2b7-c808-431b-9560-42ecc9ba7d60,GBPJPY,SELL,SL_HIT,6430,2025-01-14 14:00:00,192.27698999999998,192.27698999999998,1683,191.65894999999992,192.60601000000003,6432,2025-01-14 17:00:00,6433,2025-01-14 18:00:00,192.60601000000003,-553.7406600000716,SL
9976145b-402e-41c0-8f50-92bd8501ff0a,GBPJPY,SELL,TP_HIT,6457,2025-01-15 17:00:00,191.70899,191.70899,848,190.49695,192.33501,6457,2025-01-15 18:00:00,6466,2025-01-16 03:00:00,190.49695,1027.8099200000015,TP
027d17e8-9a7f-421a-937a-bdb2d645ca44,GBPJPY,SELL,SL_HIT,6475,2025-01-16 11:00:00,190.21199,190.21199,850,188.97994999999995,190.84801000000002,6476,2025-01-16 13:00:00,6519,2025-01-20 08:00:00,190.84801000000002,-540.6170000000259,SL
3022d5ad-bd84-4bd8-a9dc-bba1c37e73ca,GBPJPY,SELL,TP_HIT,6483,2025-01-16 19:00:00,190.13699,190.13699,3590,189.84295,190.30401,6489,2025-01-17 02:00:00,6490,2025-01-17 03:00:00,189.84295,1055.6035999999835,TP
344e02d1-d80f-43e6-84b1-670b5a6660c0,GBPJPY,SELL,SL_HIT,6497,2025-01-17 09:00:00,189.87798999999998,189.87798999999998,2471,189.43594999999996,190.11901,6498,2025-01-17 11:00:00,6499,2025-01-17 12:00:00,190.11901,-595.5604200000499,SL
2e616985-1826-4a3c-877f-5b0e96562248,GBPJPY,SELL,SL_HIT,6594,2025-01-23 10:00:00,192.58299,192.58299,1579,191.92294999999996,192.93301000000002,6594,2025-01-23 11:00:00,6609,2025-01-24 02:00:00,192.93301000000002,-552.6815800000459,SL
008685a0-6e43-4a01-a77a-2bc7d52ea213,GBPJPY,SELL,SL_HIT,6614,2025-01-24 06:00:00,192.54999,192.54999,628,190.90995,193.39001000000002,6614,2025-01-24 07:00:00,6618,2025-01-24 11:00:00,193.39001000000002,-527.5325600000061,SL
262806a2-b3e2-4bbb-b209-ee86fc4a5bc4,GBPJPY,SELL,TP_HIT,6687,2025-01-29 07:00:00,193.36899,193.36899,1665,192.75694999999996,193.69501000000002,6687,2025-01-29 08:00:00,6694,2025-01-29 15:00:00,192.75694999999996,1019.0466000000597,TP
71a33fbe-cf31-4238-8afd-2e98cc026721,GBPJPY,SELL,TP_HIT,6690,2025-01-29 10:00:00,193.04099,193.04099,1765,192.44895,193.35701,6690,2025-01-29 11:00:00,6706,2025-01-30 03:00:00,192.44895,1044.9505999999951,TP
757fac18-3217-44ce-8400-b5427374bfb6,GBPJPY,SELL,TP_HIT,6695,2025-01-29 15:00:00,193.04099,193.04099,1806,192.44895,193.35701,6698,2025-01-29 19:00:00,6706,2025-01-30 03:00:00,192.44895,1069.224239999995,TP
e0008859-44a5-43ac-b9c7-f99d3cd9047d,GBPJPY,SELL,TP_HIT,6716,2025-01-30 12:00:00,192.10299,192.10299,1879,191.52895000000004,192.41001,6716,2025-01-30 13:00:00,6718,2025-01-30 15:00:00,191.52895000000004,1078.6211599999401,TP
3f9e2887-d4ac-4c2e-baca-ba76a8a65996,GBPJPY,SELL,SL_HIT,6718,2025-01-30 14:00:00,192.10299,192.10299,1928,191.52895000000004,192.41001,6719,2025-01-30 16:00:00,6721,2025-01-30 18:00:00,192.41001,-591.934559999989,SL
91c0360f-bb1a-4a5f-a471-e6790ffe34fb,GBPJPY,SELL,SL_HIT,6744,2025-01-31 16:00:00,191.89299,191.89299,1385,191.10895,192.30501,6744,2025-01-31 17:00:00,6745,2025-01-31 18:00:00,192.30501000000004,-570.6477000000566,SL
b6811b70-13cb-43e4-bb85-6f25be1d14f6,GBPJPY,SELL,SL_HIT,6763,2025-02-03 11:00:00,190.70699,190.70699,921,189.54094999999998,191.31001,6763,2025-02-03 12:00:00,6766,2025-02-03 15:00:00,191.31001,-555.3814200000138,SL
12675000-e1dc-4c09-818c-88ec24dc6793,GBPJPY,SELL,SL_HIT,6765,2025-02-03 13:00:00,190.52299,190.52299,2385,190.06894999999997,190.77001,6765,2025-02-03 14:00:00,6766,2025-02-03 15:00:00,190.77001,-589.1427000000488,SL
c4b166fd-7c18-4a53-bd38-85541e33fc12,GBPJPY,SELL,TP_HIT,6795,2025-02-04 19:00:00,192.64399,192.64399,1644,192.00595,192.98301,6795,2025-02-04 20:00:00,6801,2025-02-05 02:00:00,192.00594999999998,1048.9377600000294,TP
70496000-3195-4e88-b583-d5c3a7308a05,GBPJPY,SELL,TP_HIT,6797,2025-02-04 21:00:00,192.64399,192.64399,1651,192.00595,192.98301,6797,2025-02-04 22:00:00,6801,2025-02-05 02:00:00,192.00595,1053.4040399999826,TP
9691d055-0c50-44c2-83ab-05953877669b,GBPJPY,SELL,TP_HIT,6801,2025-02-05 01:00:00,192.46699,192.46699,3285,192.13295000000005,192.65401,6801,2025-02-05 02:00:00,6802,2025-02-05 03:00:00,192.13295000000002,1097.3213999999589,TP
87f47808-048e-4d62-9772-609ffe1304d4,GBPJPY,SELL,TP_HIT,6827,2025-02-06 03:00:00,190.42899,190.42899,1216,189.51695,190.90501,6830,2025-02-06 07:00:00,6835,2025-02-06 12:00:00,189.51695,1109.0406399999883,TP
ec883dad-be6c-4c57-b2dc-de4a83253e57,GBPJPY,SELL,TP_HIT,6834,2025-02-06 10:00:00,190.12599,190.12599,1672,189.44995,190.48401,6834,2025-02-06 11:00:00,6835,2025-02-06 12:00:00,189.44995,1130.3388800000007,TP
6c10368c-2fa4-4827-b34c-4af8370ca358,GBPJPY,SELL,SL_HIT,6849,2025-02-07 01:00:00,188.24399,188.24399,2267,187.73595,188.51801,6850,2025-02-07 03:00:00,6851,2025-02-07 04:00:00,188.51801,-621.2033400000164,SL
4727ebda-bbf4-4baf-b60e-aa0470167111,GBPJPY,SELL,SL_HIT,6897,2025-02-11 01:00:00,187.70399,187.70399,1935,187.11595000000003,188.01801,6898,2025-02-11 03:00:00,6906,2025-02-11 11:00:00,188.01801,-607.6286999999986,SL
2389a17f-25b4-4a57-9818-adb3940275b4,GBPJPY,SELL,SL_HIT,6905,2025-02-11 09:00:00,187.62899,187.62899,2709,187.20294999999993,187.86201000000003,6905,2025-02-11 10:00:00,6906,2025-02-11 11:00:00,187.86201000000003,-631.2511800001053,SL
62670f29-751d-4d0c-aa90-c8fbdec8fa8b,GBPJPY,SELL,TP_HIT,6954,2025-02-13 10:00:00,192.32399,192.32399,845,191.00995000000003,193.00101,6954,2025-02-13 11:00:00,6994,2025-02-17 03:00:00,191.00995,1110.3638000000049,TP
56ffd109-c11c-434d-b6c7-fa6d1b444456,GBPJPY,SELL,TP_HIT,6957,2025-02-13 13:00:00,192.14499,192.14499,3175,191.79095,192.34201000000002,6960,2025-02-13 17:00:00,6961,2025-02-13 18:00:00,191.79095,1124.0769999999927,TP
1211530e-498a-4999-b490-adfe77ab6f07,GBPJPY,SELL,SL_HIT,6975,2025-02-14 07:00:00,191.67499,191.67499,2253,191.16295,191.95101000000003,6975,2025-02-14 08:00:00,6976,2025-02-14 09:00:00,191.95101000000003,-621.8730600000379,SL
fa9c8e61-64e6-41ba-b528-6078949efad8,GBPJPY,SELL,TP_HIT,6989,2025-02-14 21:00:00,191.77399,191.77399,1263,190.87994999999998,192.24101000000002,6989,2025-02-14 22:00:00,6995,2025-02-17 04:00:00,190.87994999999998,1129.1725200000228,TP
0944cbb3-744c-4ab8-a4ef-eaf337563d18,GBPJPY,SELL,SL_HIT,6999,2025-02-17 07:00:00,190.85799,190.85799,3137,190.48794999999998,191.06301000000002,6999,2025-02-17 08:00:00,7000,2025-02-17 09:00:00,191.06301000000002,-643.1477400000591,SL
c168afdc-6aec-433a-95b0-b53e7e673ea1,GBPJPY,SELL,SL_HIT,7028,2025-02-18 12:00:00,191.39699,191.39699,1439,190.60094999999998,191.81501,7029,2025-02-18 14:00:00,7039,2025-02-19 00:00:00,191.81501,-601.5307800000182,SL
fa9d3a83-e336-45eb-be7d-0d019cb6415c,GBPJPY,SELL,SL_HIT,7072,2025-02-20 08:00:00,189.21499,189.21499,3062,188.84494999999998,189.42001000000002,7072,2025-02-20 09:00:00,7073,2025-02-20 10:00:00,189.42001,-627.7712399999707,SL
3fb63bbc-e820-41ec-a959-5c1188847ede,GBPJPY,SELL,SL_HIT,7080,2025-02-20 16:00:00,189.09199,189.09199,2883,188.70395000000002,189.30601000000001,7080,2025-02-20 17:00:00,7083,2025-02-20 20:00:00,189.30601000000001,-617.0196600000144,SL
f53c98ba-9940-4cbe-bbb8-8f8a2a260a8e,GBPJPY,SELL,TP_HIT,7100,2025-02-21 12:00:00,190.33699,190.33699,1453,189.57694999999993,190.73701000000003,7102,2025-02-21 15:00:00,7103,2025-02-21 16:00:00,189.57694999999993,1104.3381200000879,TP
e9d6a3e2-3e88-461f-bb98-0e3015eb28a1,GBPJPY,SELL,SL_HIT,7121,2025-02-24 09:00:00,189.13499,189.13499,2693,188.71694999999997,189.36401,7122,2025-02-24 11:00:00,7126,2025-02-24 15:00:00,189.36401,-616.7508600000532,SL
bf4e5891-fce4-4a24-811b-3ede4a22e331,GBPJPY,SELL,SL_HIT,7128,2025-02-24 16:00:00,188.96299,188.96299,1400,188.16894999999994,189.38001000000003,7129,2025-02-24 18:00:00,7137,2025-02-25 02:00:00,189.38001000000003,-583.8280000000509,SL
c936a808-7b00-46ff-a472-9eeb6af99dcf,GBPJPY,SELL,SL_HIT,7145,2025-02-25 09:00:00,188.92999,188.92999,2234,188.43795000000003,189.19601,7146,2025-02-25 11:00:00,7148,2025-02-25 13:00:00,189.19601,-594.2886799999944,SL
8c7297fd-3f38-41c7-9af0-1309a5b1a9f2,GBPJPY,SELL,SL_HIT,7181,2025-02-26 21:00:00,188.85999,188.85999,608,187.07395000000005,189.77301,7181,2025-02-26 22:00:00,7194,2025-02-27 11:00:00,189.77301,-555.1161599999932,SL
5361b29b-9c2e-4fea-8032-3df91c7834c3,GBPJPY,SELL,SL_HIT,7190,2025-02-27 06:00:00,188.76599,188.76598999999996,1466,188.02194999999995,189.15801000000002,7190,2025-02-27 07:00:00,7193,2025-02-27 10:00:00,189.15801000000002,-574.7013200000866,SL
b1c27a27-6af3-4e6c-9881-ece215220328,GBPJPY,SELL,SL_HIT,7210,2025-02-28 02:00:00,188.62798999999998,188.62798999999998,1286,187.80194999999995,189.06101,7215,2025-02-28 08:00:00,7216,2025-02-28 09:00:00,189.06101,-556.8637200000353,SL
e100b710-421a-480d-805b-2367de5ecea7,GBPJPY,SELL,SL_HIT,7228,2025-02-28 20:00:00,189.22699,189.22699,786,187.89094999999998,189.91501000000002,7228,2025-02-28 21:00:00,7232,2025-03-03 01:00:00,189.91501000000002,-540.7837200000181,SL
b579e00b-ad1d-4ec9-910e-229dce429f25,GBPJPY,SELL,TP_HIT,7257,2025-03-04 01:00:00,189.70799,189.70799,2249,189.24595,189.95901,7257,2025-03-04 02:00:00,7258,2025-03-04 03:00:00,189.24595,1039.127960000004,TP
837ea1c0-7c67-4a1f-874c-db5e89b27a73,GBPJPY,SELL,SL_HIT,7269,2025-03-04 13:00:00,189.23799,189.23799000000002,852,187.99594999999997,189.87901000000002,7273,2025-03-04 18:00:00,7275,2025-03-04 20:00:00,189.87901000000002,-546.1490399999979,SL
23d5aead-47b8-497f-b756-40f4de5ef8a9,GBPJPY,SELL,TP_HIT,7295,2025-03-05 15:00:00,191.53599,191.53599,2908,191.17594999999997,191.73601000000002,7296,2025-03-05 17:00:00,7297,2025-03-05 18:00:00,191.17594999999997,1046.9963200000766,TP
48c2399b-00d4-475a-8308-4cb4fc9a6860,GBPJPY,SELL,SL_HIT,7332,2025-03-07 04:00:00,190.33499,190.33499,1043,189.31295,190.86601000000002,7334,2025-03-07 07:00:00,7341,2025-03-07 14:00:00,190.86601000000002,-553.8538600000128,SL
c507bf89-9ba0-431b-9d4c-0cab9a40cc2d,GBPJPY,SELL,SL_HIT,7343,2025-03-07 15:00:00,190.35799,190.35799,1187,189.46995,190.82201,7343,2025-03-07 16:00:00,7344,2025-03-07 17:00:00,190.82201,-550.7917400000059,SL
ab2db07b-c194-4d2a-a125-92369899ee96,GBPJPY,SELL,SL_HIT,7355,2025-03-10 02:00:00,190.64099,190.64099,2619,190.24294999999995,190.86001000000002,7355,2025-03-10 03:00:00,7361,2025-03-10 09:00:00,190.86001000000002,-573.6133800000756,SL
acb76ad8-9c13-4c80-8627-b052b0df67fc,GBPJPY,SELL,TP_HIT,7369,2025-03-10 16:00:00,189.81499,189.81499,1624,189.18094999999997,190.15201000000002,7369,2025-03-10 17:00:00,7373,2025-03-10 21:00:00,189.18094999999997,1029.6809600000443,TP
3163a1ce-dead-42b3-86d1-e042649c96d9,GBPJPY,SELL,TP_HIT,7373,2025-03-10 20:00:00,189.56499,189.56499,1689,188.94294999999997,189.89601000000002,7373,2025-03-10 21:00:00,7378,2025-03-11 02:00:00,188.94294999999997,1050.6255600000452,TP
11157859-cced-407b-bae6-707cb6ccddb1,GBPJPY,SELL,SL_HIT,7379,2025-03-11 02:00:00,189.21699,189.21699,4019,188.95095000000003,189.37001,7379,2025-03-11 03:00:00,7380,2025-03-11 04:00:00,189.37001,-614.9873799999917,SL
83cb7118-4ce0-4d3e-abae-96340c813ade,GBPJPY,SELL,TP_HIT,7430,2025-03-13 05:00:00,192.01599,192.01599,2429,191.58194999999995,192.25301000000002,7436,2025-03-13 12:00:00,7437,2025-03-13 13:00:00,191.58194999999995,1054.2831600000939,TP
b7c9b53a-f318-4726-95e6-db2196a73994,GBPJPY,SELL,SL_HIT,7442,2025-03-13 17:00:00,191.36899,191.36899,1871,190.79494999999997,191.67601000000002,7444,2025-03-13 20:00:00,7449,2025-03-14 01:00:00,191.67601000000005,-574.4344200000957,SL
7a14687f-596e-4dc4-a3d0-ad27ea4ad619,GBPJPY,SELL,SL_HIT,7465,2025-03-14 16:00:00,192.24199,192.24199,1574,191.56794999999994,192.59901000000002,7469,2025-03-14 21:00:00,7478,2025-03-17 06:00:00,192.59901000000005,-561.9494800000984,SL
ee90413a-bcf1-475b-8a37-c73f4a498ee4,GBPJPY,SELL,SL_HIT,7512,2025-03-18 15:00:00,194.12999,194.12999,2676,193.73794999999998,194.34601,7512,2025-03-18 16:00:00,7514,2025-03-18 18:00:00,194.34601,-578.0695200000389,SL
20eedb1b-0cdc-4dbb-9b02-5702a1f63390,GBPJPY,SELL,SL_HIT,7530,2025-03-19 09:00:00,194.01799,194.01799,1199,193.15395,194.47001,7530,2025-03-19 10:00:00,7533,2025-03-19 13:00:00,194.47001,-541.9719800000055,SL
7be247c5-4673-48e5-8c2d-e0bd66b3e255,GBPJPY,SELL,TP_HIT,7553,2025-03-20 08:00:00,192.81799,192.81799,2349,192.38195000000002,193.05601000000001,7554,2025-03-20 10:00:00,7556,2025-03-20 12:00:00,192.38195000000002,1024.2579599999797,TP
32b9637e-bd90-4978-912d-516f94e48dc4,GBPJPY,SELL,SL_HIT,7557,2025-03-20 12:00:00,192.53699,192.53699000000003,2746,192.15695,192.74701000000002,7557,2025-03-20 13:00:00,7559,2025-03-20 15:00:00,192.74701,-576.7149199998833,SL
7e380c0c-8f11-476c-b2da-aebc0bfe18b8,GBPJPY,SELL,SL_HIT,7586,2025-03-21 17:00:00,192.31499,192.31499,1951,191.78694999999996,192.59901000000002,7586,2025-03-21 18:00:00,7587,2025-03-21 19:00:00,192.59901000000002,-554.1230200000518,SL
71c19fed-d9c9-44b5-b20c-6489884e4b64,GBPJPY,SELL,SL_HIT,7631,2025-03-25 14:00:00,194.38499,194.38499,2637,193.99894999999995,194.59801000000002,7643,2025-03-26 03:00:00,7645,2025-03-26 05:00:00,194.59801000000002,-561.7337400000755,SL
52c55058-666d-4502-ad70-9e39335d523c,GBPJPY,SELL,SL_HIT,7651,2025-03-26 10:00:00,193.88599,193.88599,611,192.24194999999997,194.72801,7652,2025-03-26 12:00:00,7675,2025-03-27 11:00:00,194.72801,-514.4742200000118,SL
626efa90-8d6a-4d72-a1ed-828fbd9d4845,GBPJPY,SELL,SL_HIT,7654,2025-03-26 13:00:00,193.88599,193.88599,613,192.24194999999997,194.72801,7654,2025-03-26 14:00:00,7675,2025-03-27 11:00:00,194.72801,-516.1582600000119,SL
372b7f11-5e51-493f-b3aa-4937f985cbcb,GBPJPY,SELL,SL_HIT,7665,2025-03-27 00:00:00,193.78099,193.78099,1901,193.24294999999998,194.07001000000002,7666,2025-03-27 02:00:00,7670,2025-03-27 06:00:00,194.07001000000002,-549.4270200000419,SL
fa8d8a97-03ca-4e29-972f-db22dce98182,GBPJPY,SELL,TP_HIT,7690,2025-03-28 01:00:00,195.47699,195.47699,2313,195.05694999999997,195.70701000000003,7690,2025-03-28 02:00:00,7696,2025-03-28 08:00:00,195.05694999999997,971.5525200000661,TP
aa3b9a2e-a58a-4d54-9e19-2cc53e60e409,GBPJPY,SELL,TP_HIT,7696,2025-03-28 07:00:00,195.15699,195.15699,3900,194.89895,195.30601000000001,7696,2025-03-28 08:00:00,7697,2025-03-28 09:00:00,194.89895,1006.3559999999768,TP
c4b93c9d-bf5d-4fb5-b7ce-cea14d6ba5bb,GBPJPY,SELL,TP_HIT,7717,2025-03-31 05:00:00,193.28999,193.28999,1872,192.75194999999997,193.57901,7719,2025-03-31 08:00:00,7721,2025-03-31 10:00:00,192.75194999999997,1007.2108800000442,TP
bdcc115c-9d62-472f-8bd6-3450d3d3d54d,GBPJPY,SELL,SL_HIT,7724,2025-03-31 12:00:00,192.94799,192.94799,1879,192.40195,193.24101000000002,7724,2025-03-31 13:00:00,7725,2025-03-31 14:00:00,193.24101000000002,-550.5845800000238,SL
38a216b2-bf9a-4d25-b2d3-05e44cc2e487,GBPJPY,SELL,TP_HIT,7746,2025-04-01 10:00:00,193.47799,193.47799,1878,192.93795000000003,193.76801,7746,2025-04-01 11:00:00,7748,2025-04-01 13:00:00,192.93795000000003,1014.1951199999555,TP
73d26434-c4a5-44c0-8ab8-f385b534d997,GBPJPY,SELL,SL_HIT,7749,2025-04-01 13:00:00,193.12099,193.12099,1321,192.33895,193.53201,7753,2025-04-01 18:00:00,7760,2025-04-02 01:00:00,193.53201,-542.9574200000102,SL
a5716a06-1cda-429a-a36f-a57f570f62ce,GBPJPY,SELL,SL_HIT,7770,2025-04-02 10:00:00,193.37798999999998,193.37798999999998,1964,192.85794999999993,193.65801000000002,7770,2025-04-02 11:00:00,7776,2025-04-02 17:00:00,193.65801000000002,-549.9592800000705,SL
7d1e3fdf-b500-4435-8f04-48d3f26004fa,GBPJPY,SELL,SL_HIT,7774,2025-04-02 14:00:00,193.25799,193.25799,2363,192.81995,193.49701000000002,7774,2025-04-02 15:00:00,7775,2025-04-02 16:00:00,193.49701000000002,-564.8042600000252,SL
e897e378-1535-4561-b57d-40a93018b411,GBPJPY,SELL,TP_HIT,7790,2025-04-03 06:00:00,192.82899,192.82899,2529,192.43495,193.04601000000002,7791,2025-04-03 08:00:00,7792,2025-04-03 09:00:00,192.43495,996.5271600000459,TP
70504a40-bb79-44ae-bf83-dead9640b6fb,GBPJPY,SELL,SL_HIT,7804,2025-04-03 20:00:00,191.41299,191.41299,4832,191.20295000000002,191.53801,7804,2025-04-03 21:00:00,7805,2025-04-03 22:00:00,191.53801,-604.0966400000307,SL
ecaec072-88a0-4849-8ac5-6b5d4d45864e,GBPJPY,SELL,SL_HIT,7808,2025-04-04 00:00:00,191.33999,191.33999,1315,190.57995,191.74001,7809,2025-04-04 02:00:00,7811,2025-04-04 04:00:00,191.74001,-526.0263000000158,SL
5399bfc3-34a6-4dd7-a990-c2dafaa344a9,GBPJPY,SELL,SL_HIT,7825,2025-04-04 17:00:00,188.68499,188.68499,806,187.45895,189.31801000000002,7825,2025-04-04 18:00:00,7827,2025-04-04 20:00:00,189.31801000000002,-510.214120000013,SL
8a7bec5a-a830-4b65-986d-d480207c1163,GBPJPY,SELL,TP_HIT,7841,2025-04-07 09:00:00,188.19199,188.19198999999998,2859,187.84995,188.38301,7842,2025-04-07 11:00:00,7843,2025-04-07 12:00:00,187.84995,977.8923599999108,TP
78843ad0-a246-40f1-9911-6f6a6ad10bce,GBPJPY,SELL,SL_HIT,7844,2025-04-07 12:00:00,187.55399,187.55399,790,186.29395,188.20401,7844,2025-04-07 13:00:00,7846,2025-04-07 15:00:00,188.20401,-513.5158000000094,SL
a2ca2e30-cc4d-421f-b0fe-0503f4570a1f,GBPJPY,SELL,SL_HIT,7854,2025-04-07 22:00:00,188.20699,188.20699,765,186.92094999999998,188.87001,7854,2025-04-07 23:00:00,7862,2025-04-08 07:00:00,188.87001,-507.2103000000132,SL
a0a90630-1115-4002-adfa-a82b0e54fa80,GBPJPY,SELL,TP_HIT,7875,2025-04-08 19:00:00,187.56499,187.56499,561,185.83095,188.45201,7876,2025-04-08 21:00:00,7882,2025-04-09 03:00:00,185.83095,972.7964399999962,TP
36fdf56f-d6c3-4970-b29b-bd07ede103f6,GBPJPY,SELL,TP_HIT,7889,2025-04-09 09:00:00,186.32099,186.32099,1108,185.42494999999997,186.78901000000002,7889,2025-04-09 10:00:00,7893,2025-04-09 14:00:00,185.42494999999997,992.8123200000307,TP
e6a8c0ac-b9a1-4da5-9fdb-c1253c55ea81,GBPJPY,SELL,SL_HIT,7897,2025-04-09 17:00:00,184.74599,184.74599,1305,183.96995000000004,185.15401,7897,2025-04-09 18:00:00,7898,2025-04-09 19:00:00,185.15401,-532.4660999999913,SL
5bb37219-0444-4b58-a90d-fcbd08dd0b24,GBPJPY,SELL,SL_HIT,7922,2025-04-10 18:00:00,187.13199,187.13199,1468,186.44994999999997,187.49301000000003,7922,2025-04-10 19:00:00,7923,2025-04-10 20:00:00,187.49301000000006,-529.9773600000781,SL
6c7749c0-ca68-40aa-bd69-ecb7235776da,GBPJPY,SELL,SL_HIT,7931,2025-04-11 03:00:00,186.73999,186.73999,464,184.60995,187.82501000000002,7931,2025-04-11 04:00:00,7947,2025-04-11 20:00:00,187.82501000000005,-503.4492800000198,SL
d600304c-de4e-41f8-a069-2fa30c3dd060,GBPJPY,SELL,SL_HIT,7935,2025-04-11 07:00:00,186.59099,186.59099,2003,186.09095,186.86101000000002,7935,2025-04-11 08:00:00,7936,2025-04-11 09:00:00,186.86101000000002,-540.8500600000332,SL
6c228f68-63ce-4498-8261-cdfcb56af8d8,GBPJPY,SELL,SL_HIT,7991,2025-04-15 15:00:00,189.05098999999998,189.05098999999998,3358,188.76294999999996,189.21501,7991,2025-04-15 16:00:00,7992,2025-04-15 17:00:00,189.21501,-550.779160000074,SL
956f3591-54b5-4a1f-8b44-666dbfd91bbd,GBPJPY,SELL,SL_HIT,8006,2025-04-16 06:00:00,189.02599,189.02599,1692,188.46195000000003,189.32801,8006,2025-04-16 07:00:00,8010,2025-04-16 11:00:00,189.32801,-511.01783999999805,SL
be577c51-05e0-4b42-a84f-745e987b2b86,GBPJPY,SELL,TP_HIT,8008,2025-04-16 08:00:00,188.93399,188.93399,3168,188.62595,189.10801,8008,2025-04-16 09:00:00,8009,2025-04-16 10:00:00,188.62595,975.8707200000172,TP
b0484324-4447-4b88-a025-1093f6b82d45,GBPJPY,SELL,SL_HIT,8037,2025-04-17 13:00:00,188.84599,188.84599,3382,188.56195,189.00801,8042,2025-04-17 19:00:00,8044,2025-04-17 21:00:00,189.00800999999998,-547.9516399999461,SL
091f126e-dddb-4f1c-9ab2-e1b79559c539,GBPJPY,SELL,SL_HIT,8106,2025-04-22 10:00:00,187.72299,187.72298999999998,1829,187.20495000000003,188.00201,8106,2025-04-22 11:00:00,8107,2025-04-22 12:00:00,188.00201,-510.32758000005697,SL
1d184db9-1221-4931-b661-7321c0bfe11e,GBPJPY,SELL,SL_HIT,8109,2025-04-22 13:00:00,187.64598999999998,187.64598999999998,1047,186.75194999999997,188.11301,8109,2025-04-22 14:00:00,8111,2025-04-22 16:00:00,188.11301,-488.9699400000202,SL
e68ec2ea-bc79-4c9a-8c34-77ffa2d12746,GBPJPY,SELL,SL_HIT,8134,2025-04-23 14:00:00,188.75298999999998,188.75298999999998,1801,188.23894999999996,189.03001,8135,2025-04-23 16:00:00,8136,2025-04-23 17:00:00,189.03001,-498.91302000003884,SL
fd82db49-431b-4dba-9208-030eeb195229,GBPJPY,SELL,SL_HIT,8148,2025-04-24 04:00:00,189.69299,189.69299,1955,189.22495000000004,189.94701,8149,2025-04-24 06:00:00,8162,2025-04-24 19:00:00,189.94701,-496.6090999999942,SL
3a779ab2-cda5-4ab0-85f0-3819e530d049,GBPJPY,SELL,SL_HIT,8150,2025-04-24 06:00:00,189.69299,189.69299,1974,189.22495000000004,189.94701,8152,2025-04-24 09:00:00,8162,2025-04-24 19:00:00,189.94701,-501.43547999999413,SL
2f378de5-79d5-45be-b9b4-63384588f9f1,GBPJPY,SELL,SL_HIT,8159,2025-04-24 15:00:00,189.49699,189.49699,1860,188.98095000000004,189.77501,8159,2025-04-24 16:00:00,8160,2025-04-24 17:00:00,189.77501,-517.1171999999962,SL
f4c41c4c-79cc-41c0-b7e8-ac69e565fcae,GBPJPY,SELL,SL_HIT,8195,2025-04-28 03:00:00,190.99799,190.99799,2407,190.63194999999993,191.20101000000003,8196,2025-04-28 05:00:00,8199,2025-04-28 08:00:00,191.20101000000003,-488.6691400000908,SL
4f886482-3a35-40af-9055-9d22abf65f10,GBPJPY,SELL,SL_HIT,8231,2025-04-29 15:00:00,190.90899,190.90898999999996,1430,190.30094999999997,191.23301,8238,2025-04-29 23:00:00,8251,2025-04-30 12:00:00,191.23300999999998,-463.34860000002664,SL
1e90fa9c-2acd-416d-b4c1-3a92dacffb55,GBPJPY,SELL,SL_HIT,8288,2025-05-02 00:00:00,193.05399,193.05399,1184,192.32795,193.43701000000001,8288,2025-05-02 01:00:00,8290,2025-05-02 03:00:00,193.43701000000001,-453.4956800000191,SL
b1128a7c-1250-4b34-a49a-fbcdc1d46cb0,GBPJPY,SELL,TP_HIT,8330,2025-05-05 18:00:00,191.30999,191.30999,1778,190.83194999999998,191.56901000000002,8330,2025-05-05 19:00:00,8345,2025-05-06 10:00:00,190.83194999999998,849.9551200000379,TP
00b6c6ac-b8c4-4945-91bd-6283aa041018,GBPJPY,SELL,TP_HIT,8334,2025-05-05 22:00:00,191.22399,191.22399,3432,190.97194999999996,191.37001,8339,2025-05-06 04:00:00,8340,2025-05-06 05:00:00,190.97194999999996,865.0012800000763,TP
d2ef4108-493f-4723-802b-5e007696bbaf,GBPJPY,SELL,TP_HIT,8347,2025-05-06 11:00:00,190.90399,190.90399,1748,190.39994999999996,191.17601000000002,8348,2025-05-06 13:00:00,8358,2025-05-06 23:00:00,190.39994999999996,881.0619200000556,TP
0854b6f9-5d04-4bc0-ab2f-cbea3df9857b,GBPJPY,SELL,SL_HIT,8356,2025-05-06 20:00:00,190.68299,190.68299,1405,190.03494999999995,191.02701000000002,8360,2025-05-07 01:00:00,8361,2025-05-07 02:00:00,191.02701000000005,-483.3481000000805,SL
81dc357c-5b07-4973-9ede-02798748f0f7,GBPJPY,SELL,TP_HIT,8380,2025-05-07 20:00:00,191.37299,191.37299,2825,191.05894999999995,191.55001000000001,8380,2025-05-07 21:00:00,8381,2025-05-07 22:00:00,191.05894999999995,887.1630000000962,TP
299786a0-32b9-439c-9582-5125b48eb31b,GBPJPY,SELL,SL_HIT,8411,2025-05-09 03:00:00,193.09899,193.09899,2235,192.69494999999998,193.32101,8425,2025-05-09 18:00:00,8426,2025-05-09 19:00:00,193.32101,-496.21470000003296,SL
4903a965-1e0b-4474-8172-8ee6492cd2a7,GBPJPY,SELL,SL_HIT,8459,2025-05-13 03:00:00,195.27299,195.27299,2185,194.86494999999996,195.49701000000002,8464,2025-05-13 09:00:00,8467,2025-05-13 12:00:00,195.49701000000002,-489.4837000000531,SL
6dec4484-77a7-41b0-a77a-065dc7e262bd,GBPJPY,SELL,TP_HIT,8487,2025-05-14 07:00:00,195.58699,195.58699,618,194.16294999999994,196.31901000000002,8487,2025-05-14 08:00:00,8506,2025-05-15 03:00:00,194.16294999999994,880.0567200000295,TP
d3041765-a3c9-423c-99c6-26a725f1e5e4,GBPJPY,SELL,SL_HIT,8496,2025-05-14 16:00:00,194.73099,194.73099,2807,194.40694999999997,194.91301,8497,2025-05-14 18:00:00,8498,2025-05-14 19:00:00,194.91301000000004,-510.9301400001435,SL
1a52b82c-f991-4175-9faf-2d3b95b688f5,GBPJPY,SELL,TP_HIT,8504,2025-05-15 00:00:00,194.41099,194.41099,900,193.42094999999998,194.92601000000002,8504,2025-05-15 01:00:00,8530,2025-05-16 03:00:00,193.42094999999998,891.0360000000196,TP
39c8815f-8dfe-4067-b838-4ec0b07ee27c,GBPJPY,SELL,TP_HIT,8521,2025-05-15 17:00:00,193.84299,193.84298999999996,3391,193.57294999999993,193.99801000000002,8526,2025-05-15 23:00:00,8527,2025-05-16 00:00:00,193.5729499999999,915.7056400001741,TP
0093c869-4121-4ae5-8cde-51c96be51088,GBPJPY,SELL,SL_HIT,8531,2025-05-16 03:00:00,193.49899,193.49899000000002,1891,193.01295,193.76201,8532,2025-05-16 05:00:00,8547,2025-05-16 20:00:00,193.76201,-497.37081999996815,SL
e1549d07-83b1-44ca-98e7-88aacadf423c,GBPJPY,SELL,SL_HIT,8537,2025-05-16 09:00:00,193.35799,193.35799,3118,193.05794999999998,193.52801000000002,8537,2025-05-16 10:00:00,8539,2025-05-16 12:00:00,193.52801000000002,-530.1223600000694,SL
f4c89f45-aa4b-456e-bf96-dc1c3e72ef26,GBPJPY,SELL,SL_HIT,8613,2025-05-21 13:00:00,192.85799,192.85799,1279,192.15795,193.22801,8614,2025-05-21 15:00:00,8618,2025-05-21 19:00:00,193.22801,-473.25558000001394,SL
d4f4704b-ac64-4ed2-a3b0-2f3d779ffccd,GBPJPY,SELL,SL_HIT,8627,2025-05-22 03:00:00,192.65198999999998,192.65198999999998,890,191.65794999999994,193.16901000000001,8627,2025-05-22 04:00:00,8640,2025-05-22 17:00:00,193.16901000000001,-460.1478000000273,SL
8aeea3cb-7c2c-46f1-8f3d-81406c95c9a2,GBPJPY,SELL,SL_HIT,8634,2025-05-22 10:00:00,192.32599,192.32599,2171,191.90994999999998,192.55401,8636,2025-05-22 13:00:00,8637,2025-05-22 14:00:00,192.55401,-495.03142000003254,SL
f4c3522c-988d-4d45-9b98-73d2f1aa6278,GBPJPY,SELL,SL_HIT,8654,2025-05-23 06:00:00,193.04099,193.04099,2401,192.68094999999997,193.24101000000002,8656,2025-05-23 09:00:00,8658,2025-05-23 11:00:00,193.24101000000002,-480.24802000005616,SL
758cbd86-d4be-4fe2-8e53-3634f4fdc899,GBPJPY,SELL,TP_HIT,8726,2025-05-28 06:00:00,194.75599,194.75599,2383,194.39794999999998,194.95501000000002,8727,2025-05-28 08:00:00,8728,2025-05-28 09:00:00,194.39794999999998,853.20932000004,TP
9b47e2cc-b90d-49a4-8d4b-f698c0fa4de9,GBPJPY,SELL,SL_HIT,8792,2025-06-02 00:00:00,193.67499,193.67499000000004,2839,193.36895,193.84801000000002,8792,2025-06-02 01:00:00,8801,2025-06-02 10:00:00,193.84801000000002,-491.2037799999425,SL
b338a09b-d904-4f70-9605-c3d02941fd67,GBPJPY,SELL,TP_HIT,8805,2025-06-02 13:00:00,193.49299,193.49299,1443,192.89894999999999,193.81001,8806,2025-06-02 15:00:00,8825,2025-06-03 10:00:00,192.89894999999999,857.1997200000098,TP
6a7956af-63db-46be-9645-66bf54af5fef,GBPJPY,SELL,SL_HIT,8816,2025-06-03 00:00:00,193.21299,193.21299,2275,192.82694999999995,193.42601000000002,8817,2025-06-03 02:00:00,8819,2025-06-03 04:00:00,193.42601000000002,-484.62050000006514,SL
11aa6424-7a40-4aa2-a58b-74ac25a40e96,GBPJPY,SELL,SL_HIT,8827,2025-06-03 11:00:00,193.07899,193.07899,991,192.20895,193.53401000000002,8827,2025-06-03 12:00:00,8830,2025-06-03 15:00:00,193.53401000000002,-450.9248200000187,SL
0255e0af-23a5-403e-a406-0eaac4261ce2,GBPJPY,SELL,SL_HIT,8855,2025-06-04 15:00:00,194.73799,194.73799,1292,194.07794999999996,195.08801000000003,8878,2025-06-05 15:00:00,8881,2025-06-05 18:00:00,195.08801000000003,-452.2258400000376,SL
d929a1e9-1a6e-4415-97f0-66951a417a09,GBPJPY,SELL,SL_HIT,8887,2025-06-05 23:00:00,194.98899,194.98899,1713,194.49694999999997,195.25501000000003,8887,2025-06-06 00:00:00,8895,2025-06-06 08:00:00,195.25501000000003,-455.69226000004437,SL
dc98adbc-bf6a-42ea-b69b-8f0873183a02,GBPJPY,SELL,SL_HIT,8898,2025-06-06 10:00:00,195.00199,195.00199,1692,194.50995000000003,195.26801,8898,2025-06-06 11:00:00,8901,2025-06-06 14:00:00,195.26801,-450.10583999999574,SL
9884681c-f5ac-4333-a0d5-06c5f48f93c3,GBPJPY,SELL,SL_HIT,8919,2025-06-09 07:00:00,195.80399,195.80399,1375,195.20594999999997,196.12301000000002,8919,2025-06-09 08:00:00,8939,2025-06-10 04:00:00,196.12301000000002,-438.65250000003186,SL
b867db5a-1e43-40b7-bb99-801637fa9f43,GBPJPY,SELL,SL_HIT,8945,2025-06-10 09:00:00,195.68999,195.68999,798,194.67194999999995,196.21901000000003,8952,2025-06-10 17:00:00,8974,2025-06-11 15:00:00,196.21901000000003,-422.15796000002484,SL
5cc4de27-684c-44a1-a330-e06f7ed2a809,GBPJPY,SELL,TP_HIT,8981,2025-06-11 21:00:00,195.84199,195.84199,2628,195.53595,196.01501000000002,8982,2025-06-11 23:00:00,8986,2025-06-12 03:00:00,195.53595,804.2731199999891,TP
9462f057-c3b4-4bed-a871-a5ac249d4df0,GBPJPY,SELL,TP_HIT,9010,2025-06-13 02:00:00,195.07498999999999,195.07498999999999,1574,194.55494999999993,195.35501000000002,9010,2025-06-13 03:00:00,9011,2025-06-13 04:00:00,194.55494999999993,818.5429600000808,TP
ed361817-8dfa-46ab-8cce-9b96b2ebe264,GBPJPY,SELL,TP_HIT,9066,2025-06-17 10:00:00,196.23899,196.23899,1648,195.73295000000002,196.51201,9066,2025-06-17 11:00:00,9074,2025-06-17 19:00:00,195.73295000000002,833.9539199999745,TP
e236b2d6-7d29-4d72-9322-242761ce9689,GBPJPY,SELL,TP_HIT,9093,2025-06-18 13:00:00,194.93198999999998,194.93198999999998,2259,194.55594999999994,195.14001000000002,9093,2025-06-18 14:00:00,9095,2025-06-18 16:00:00,194.55594999999994,849.4743600001036,TP
4ea4f8d3-80c4-4f60-aaae-ce4a4682a596,GBPJPY,SELL,TP_HIT,9100,2025-06-18 20:00:00,194.64399,194.64399,2364,194.27795,194.84701,9101,2025-06-18 22:00:00,9106,2025-06-19 03:00:00,194.27795,865.3185599999956,TP
942bfd2c-bf72-4d40-9d0a-6d00a6392dba,GBPJPY,SELL,SL_HIT,9106,2025-06-19 02:00:00,194.52799,194.52799,3627,194.28394999999995,194.67001000000002,9109,2025-06-19 06:00:00,9112,2025-06-19 09:00:00,194.67001000000005,-515.1065400002144,SL
62fa83fd-2a1f-4cd9-bb4b-bf0bcb7d739a,GBPJPY,SELL,TP_HIT,9179,2025-06-24 03:00:00,197.49499,197.49499,3036,197.20895,197.65801000000002,9187,2025-06-24 12:00:00,9188,2025-06-24 13:00:00,197.20895,868.4174400000427,TP
11fbcc13-ab88-41d3-90ae-c37d33e61e56,GBPJPY,SELL,SL_HIT,9200,2025-06-25 00:00:00,197.15099,197.15099,2497,196.79695,197.34801000000002,9200,2025-06-25 01:00:00,9201,2025-06-25 02:00:00,197.34801000000002,-491.95894000002266,SL
d5a155ee-b960-494d-be4f-df46da0e5bba,GBPJPY,SELL,SL_HIT,9224,2025-06-26 00:00:00,198.30399,198.30399,2726,197.98395,198.48401,9224,2025-06-26 01:00:00,9229,2025-06-26 06:00:00,198.48401000000004,-490.7345200001134,SL
b00f3b9c-650b-4115-9b84-c32cc94e8f17,GBPJPY,SELL,SL_HIT,9227,2025-06-26 03:00:00,198.18499,198.18499,1632,197.63494999999998,198.48001000000002,9227,2025-06-26 04:00:00,9229,2025-06-26 06:00:00,198.48001000000002,-481.47264000003634,SL
d3141901-6c97-44d3-9c5d-d5e8adc81513,GBPJPY,SELL,SL_HIT,9233,2025-06-26 09:00:00,198.05899,198.05899,966,197.17895,198.51901,9236,2025-06-26 13:00:00,9241,2025-06-26 18:00:00,198.51901,-444.3793200000138,SL
1382d7a4-d4ae-4532-8af2-c9abfc638738,GBPJPY,SELL,TP_HIT,9267,2025-06-27 19:00:00,198.34599,198.34599,1222,197.65795,198.71001,9267,2025-06-27 20:00:00,9278,2025-06-30 07:00:00,197.65795,840.7848800000011,TP
e92f6366-14c4-4ca1-b6a7-139c0459eec7,GBPJPY,SELL,TP_HIT,9280,2025-06-30 08:00:00,197.67099,197.67099,664,196.38094999999996,198.33601000000002,9280,2025-06-30 09:00:00,9309,2025-07-01 14:00:00,196.38094999999996,856.586560000022,TP
a2421e84-4e3b-42e8-b937-3dabb89fe9e7,GBPJPY,SELL,TP_HIT,9298,2025-07-01 02:00:00,197.55399,197.55399,1144,196.79994999999997,197.95101000000003,9301,2025-07-01 06:00:00,9306,2025-07-01 11:00:00,196.79994999999997,862.6217600000364,TP
6ff08059-41c3-4390-a434-e6957aff6693,GBPJPY,SELL,SL_HIT,9310,2025-07-01 14:00:00,196.89598999999998,196.89598999999998,3903,196.66794999999996,197.03001,9313,2025-07-01 18:00:00,9314,2025-07-01 19:00:00,197.03001,-523.0800600000816,SL
d6e34790-d2e4-4e9f-b4f8-d5f6a8bd06e1,GBPJPY,SELL,SL_HIT,9395,2025-07-07 03:00:00,197.07999,197.07999,2520,196.73195000000004,197.27401,9395,2025-07-07 04:00:00,9396,2025-07-07 05:00:00,197.27401,-488.9303999999868,SL
82c79e4a-aab5-4899-9dc9-967856aeefdd,GBPJPY,SELL,SL_HIT,9415,2025-07-07 23:00:00,198.63398999999998,198.63399,1340,197.98794999999996,198.97701,9415,2025-07-08 00:00:00,9418,2025-07-08 03:00:00,198.97700999999998,-459.6467999999561,SL
c288711e-293f-4a49-af06-b224380dbf1e,GBPJPY,SELL,SL_HIT,9428,2025-07-08 12:00:00,199.00099,199.00099,1528,198.44095,199.30101000000002,9429,2025-07-08 14:00:00,9433,2025-07-08 18:00:00,199.30101,-458.43055999998364,SL
6484a4d7-95c3-43a5-9048-0e199188aa83,GBPJPY,SELL,SL_HIT,9487,2025-07-10 23:00:00,198.56099,198.56098999999998,3179,198.29495000000003,198.71401,9488,2025-07-11 01:00:00,9490,2025-07-11 03:00:00,198.71401,-486.4505800000838,SL
fcb98ce1-dcde-4bbc-8c00-d3720d50e324,GBPJPY,SELL,SL_HIT,9501,2025-07-11 13:00:00,198.83098999999999,198.83098999999999,1667,198.33094999999997,199.10101,9504,2025-07-11 17:00:00,9505,2025-07-11 18:00:00,199.10101,-450.1233400000276,SL
273ca709-e3fa-4392-adde-d907130ae5da,GBPJPY,SELL,SL_HIT,9515,2025-07-14 03:00:00,198.43399,198.43399,917,197.53594999999996,198.90301000000002,9515,2025-07-14 04:00:00,9549,2025-07-15 14:00:00,198.90301000000002,-430.09134000002643,SL
9c7c9ec2-7759-49fb-9772-a33e12d94ef7,GBPJPY,SELL,SL_HIT,9521,2025-07-14 09:00:00,198.35299,198.35299,1759,197.87895,198.61001000000002,9521,2025-07-14 10:00:00,9522,2025-07-14 11:00:00,198.61001000000002,-452.09818000001997,SL
7ac59143-edb7-46b3-86b6-3fe3d9d0ec44,GBPJPY,SELL,SL_HIT,9529,2025-07-14 17:00:00,198.50599,198.50599,1785,198.04794999999996,198.75501000000003,9530,2025-07-14 19:00:00,9547,2025-07-15 12:00:00,198.75501000000003,-444.50070000005354,SL
02796e03-d704-4080-af04-db80d6fe3333,GBPJPY,SELL,TP_HIT,9572,2025-07-16 12:00:00,199.30799,199.30799,1856,198.87994999999998,199.54201,9572,2025-07-16 13:00:00,9576,2025-07-16 17:00:00,198.87994999999998,794.4422400000185,TP
3c6799ae-9edd-4e59-9080-6499bdc8051f,GBPJPY,SELL,SL_HIT,9648,2025-07-21 16:00:00,198.85899,198.85899,2198,198.49095,199.06301000000002,9648,2025-07-21 17:00:00,9658,2025-07-22 03:00:00,199.06301000000002,-448.43596000003095,SL
2ab8abb4-4bcb-49fa-834b-ca1d4eaacb63,GBPJPY,SELL,SL_HIT,9651,2025-07-21 19:00:00,198.69199,198.69199,1994,198.27394999999999,198.92101000000002,9651,2025-07-21 20:00:00,9658,2025-07-22 03:00:00,198.92101000000002,-456.6658800000394,SL
78a2af4f-f7af-48fb-b309-3f27847e5e4d,GBPJPY,SELL,SL_HIT,9694,2025-07-23 14:00:00,198.06599,198.06599,427,196.21994999999998,199.00901000000002,9694,2025-07-23 15:00:00,9701,2025-07-23 22:00:00,199.00901000000002,-402.6695400000078,SL
c8e91ecf-4c4a-4a99-8e0b-d0385eeb25b0,GBPJPY,SELL,SL_HIT,9736,2025-07-25 08:00:00,198.45598999999999,198.45598999999999,848,197.53594999999996,198.93601,9737,2025-07-25 10:00:00,9738,2025-07-25 11:00:00,198.93601000000004,-407.0569600000449,SL
192435e3-584a-43e8-bfe3-720ae258b499,GBPJPY,SELL,SL_HIT,9747,2025-07-25 19:00:00,198.36599,198.36599,551,196.96795000000003,199.08501,9750,2025-07-25 23:00:00,9763,2025-07-28 12:00:00,199.08501,-396.18002000000024,SL
b75e6f4a-ec17-49b6-b7b2-59f48dc0708a,GBPJPY,SELL,TP_HIT,9772,2025-07-28 20:00:00,198.49999,198.49999,602,197.23394999999996,199.15301000000002,9777,2025-07-29 02:00:00,9828,2025-07-31 05:00:00,197.23394999999996,762.1560800000194,TP
c8df1234-c33c-419c-8294-fb6446306d0d,GBPJPY,SELL,SL_HIT,9782,2025-07-29 06:00:00,198.13299,198.13298999999998,1382,197.57095000000004,198.43401,9786,2025-07-29 11:00:00,9788,2025-07-29 13:00:00,198.43401,-416.0096400000311,SL
b1d637a9-8976-4c86-b2a7-18f465f8d798,GBPJPY,SELL,SL_HIT,9803,2025-07-30 03:00:00,198.02098999999998,198.02098999999998,1840,197.60494999999992,198.24901000000003,9811,2025-07-30 12:00:00,9813,2025-07-30 14:00:00,198.24901000000003,-419.5568000000799,SL
f3227165-ab3c-400d-bed5-2e86caf1c888,GBPJPY,SELL,SL_HIT,9820,2025-07-30 20:00:00,197.77899,197.77899,694,196.68695,198.34501,9820,2025-07-30 21:00:00,9833,2025-07-31 10:00:00,198.34501000000003,-392.81788000002587,SL
6a75a83f-c4ed-4c27-96fd-874cc26aeb38,GBPJPY,SELL,TP_HIT,9854,2025-08-01 06:00:00,198.86999,198.86999,1251,198.26995000000002,199.19001,9856,2025-08-01 09:00:00,9858,2025-08-01 11:00:00,198.26995000000002,750.6500399999732,TP
894e831e-230c-4b2c-99b9-39cd0c5e0839,GBPJPY,SELL,TP_HIT,9886,2025-08-04 14:00:00,196.08399,196.08399,1012,195.32795000000002,196.48201,9888,2025-08-04 17:00:00,9890,2025-08-04 19:00:00,195.32795000000002,765.1124799999843,TP
ceab3a0f-15db-43e8-a830-446113286a68,GBPJPY,SELL,SL_HIT,9953,2025-08-07 09:00:00,196.61099,196.61099,862,195.70694999999998,197.08301,9954,2025-08-07 11:00:00,9956,2025-08-07 13:00:00,197.08301,-406.8812400000127,SL
1c70a9f7-d0cc-4184-bf51-c30dc5f6876c,GBPJPY,SELL,SL_HIT,9968,2025-08-08 00:00:00,197.68299,197.68299,1640,197.21294999999995,197.93801000000002,9970,2025-08-08 03:00:00,9971,2025-08-08 04:00:00,197.93801000000002,-418.23280000004956,SL
282df953-6700-43e4-9710-1331ebe016ab,GBPJPY,SELL,SL_HIT,10002,2025-08-11 10:00:00,198.48199,198.48199,1318,197.90395,198.79101,10002,2025-08-11 11:00:00,10012,2025-08-11 21:00:00,198.79101,-407.28836000000507,SL
de375fad-4ad3-4644-92c7-40471a84c4a0,GBPJPY,SELL,SL_HIT,10037,2025-08-12 21:00:00,199.61799,199.61799,1404,199.08194999999998,199.90601,10040,2025-08-13 01:00:00,10044,2025-08-13 05:00:00,199.90601,-404.38008000002424,SL
0446084c-36da-4d27-977f-798b507d808f,GBPJPY,SELL,SL_HIT,10070,2025-08-14 06:00:00,198.97999,198.97999,1927,198.59394999999995,199.19301000000002,10073,2025-08-14 10:00:00,10078,2025-08-14 15:00:00,199.19301000000002,-410.4895400000552,SL
cd02e7a1-0401-4ea4-92cb-207cea3d2385,GBPJPY,SELL,SL_HIT,10140,2025-08-19 04:00:00,199.57599,199.57599,1654,199.13194999999996,199.81801000000002,10141,2025-08-19 06:00:00,10150,2025-08-19 15:00:00,199.81801000000004,-400.30108000008835,SL
b45e301d-e345-4cc1-a68f-7d3a9d64b1bc,GBPJPY,SELL,SL_HIT,10144,2025-08-19 08:00:00,199.37899,199.37899,2020,199.00694999999996,199.58501,10144,2025-08-19 09:00:00,10145,2025-08-19 10:00:00,199.58501,-416.16040000004773,SL
7a4dc739-3f7d-4067-a5b9-461eae5de6fb,GBPJPY,SELL,SL_HIT,10164,2025-08-20 04:00:00,198.91099,198.91099,1173,198.30094999999997,199.23601000000002,10168,2025-08-20 09:00:00,10169,2025-08-20 10:00:00,199.23601000000002,-381.2484600000274,SL
371290f0-251a-4da3-b605-46525ddf2f41,GBPJPY,SELL,SL_HIT,10175,2025-08-20 15:00:00,198.71499,198.71499,506,197.31894999999997,199.43301000000002,10175,2025-08-20 16:00:00,10219,2025-08-22 12:00:00,199.43301000000002,-363.3181200000122,SL
4be2dcaa-69d5-43bb-acc0-9e7e33954e11,GBPJPY,SELL,TP_HIT,10252,2025-08-25 20:00:00,198.99499,198.99499,2572,198.72295,199.15101,10252,2025-08-25 21:00:00,10254,2025-08-25 23:00:00,198.72295,699.6868800000104,TP
dc20f86b-3a82-46fb-a806-11d47db896a9,GBPJPY,SELL,SL_HIT,10259,2025-08-26 03:00:00,198.63799,198.63799,1575,198.18595,198.88401000000002,10260,2025-08-26 05:00:00,10263,2025-08-26 08:00:00,198.88401000000002,-387.48150000002465,SL
6b6134a3-f2e4-4987-876f-a1a53c54ce5b,GBPJPY,SELL,SL_HIT,10274,2025-08-26 18:00:00,198.66998999999998,198.66999,1406,198.16994999999997,198.94001,10276,2025-08-26 21:00:00,10285,2025-08-27 06:00:00,198.94001000000003,-379.6481200000233,SL
37c984c2-8f5e-4831-8a53-185ec0e8e006,GBPJPY,SELL,TP_HIT,10310,2025-08-28 06:00:00,198.80899,198.80899,1763,198.41494999999998,199.02601,10310,2025-08-28 07:00:00,10318,2025-08-28 15:00:00,198.41494999999998,694.692520000032,TP
fb8d55d8-dc3b-4618-958d-2500b8196aa1,GBPJPY,SELL,TP_HIT,10318,2025-08-28 14:00:00,198.64999,198.64999,1354,198.12394999999998,198.93301000000002,10318,2025-08-28 15:00:00,10338,2025-08-29 11:00:00,198.12395,712.2581599999928,TP
2000ae0e-fbd6-4ff4-9698-a6a48f491183,GBPJPY,SELL,TP_HIT,10321,2025-08-28 17:00:00,198.64999,198.64999,1352,198.12394999999998,198.93301000000002,10321,2025-08-28 18:00:00,10338,2025-08-29 11:00:00,198.12394999999998,711.2060800000313,TP
a75c2254-155a-4259-bdf4-06cee2ea7755,GBPJPY,SELL,TP_HIT,10330,2025-08-29 02:00:00,198.42799,198.42799,2453,198.12594999999996,198.59901000000002,10330,2025-08-29 03:00:00,10338,2025-08-29 11:00:00,198.12594999999996,740.9041200000825,TP
4e1bf34b-0987-4922-aade-aacb783452ca,GBPJPY,SELL,TP_HIT,10333,2025-08-29 05:00:00,198.42799,198.42799,2489,198.12594999999996,198.59901000000002,10334,2025-08-29 07:00:00,10338,2025-08-29 11:00:00,198.12594999999996,751.7775600000837,TP
4d5391cf-f49d-49fe-964b-484c79b41280,GBPJPY,SELL,TP_HIT,10335,2025-08-29 07:00:00,198.42799,198.42799,2490,198.12594999999996,198.59901000000002,10335,2025-08-29 08:00:00,10338,2025-08-29 11:00:00,198.12594999999996,752.0796000000837,TP
098ccf57-e150-4e95-af64-07a47f571c42,GBPJPY,SELL,SL_HIT,10339,2025-08-29 11:00:00,198.32199,198.32199,2027,197.93994999999998,198.53301000000002,10344,2025-08-29 17:00:00,10348,2025-08-29 21:00:00,198.53301000000002,-427.7375400000387,SL
04ba228d-f6e9-4b6c-bc90-004d04134914,GBPJPY,SELL,SL_HIT,10447,2025-09-04 23:00:00,199.45399,199.45399,1405,198.90995,199.74601,10448,2025-09-05 01:00:00,10460,2025-09-05 13:00:00,199.74601,-410.2881000000111,SL
c9034574-9b9f-4e38-b593-661c5f8100d3,GBPJPY,SELL,SL_HIT,10463,2025-09-05 15:00:00,199.26199,199.26199,787,198.30195,199.76201,10463,2025-09-05 16:00:00,10471,2025-09-08 00:00:00,199.76200999999998,-393.51573999998266,SL
44d24f40-9171-4765-a3f9-9003852d34ac,GBPJPY,SELL,SL_HIT,10482,2025-09-08 10:00:00,199.65699,199.65699,701,198.59095000000002,200.21001,10484,2025-09-08 13:00:00,10578,2025-09-12 11:00:00,200.21001000000004,-387.6670200000225,SL
d74580be-bee7-4ce4-9714-58bf26a037e2,GBPJPY,SELL,TP_HIT,10504,2025-09-09 08:00:00,199.60199,199.60199,1646,199.14395000000002,199.85101,10505,2025-09-09 10:00:00,10506,2025-09-09 11:00:00,199.14395000000002,753.9338399999715,TP
7c39caf1-85c5-4b96-9352-783b02e726d5,GBPJPY,SELL,SL_HIT,10507,2025-09-09 11:00:00,199.40599,199.40599,1415,198.85594999999998,199.70101000000003,10514,2025-09-09 19:00:00,10535,2025-09-10 16:00:00,199.70101000000003,-417.4533000000315,SL
2bf99d34-da82-40c5-a5f2-eef1b1cda075,GBPJPY,SELL,SL_HIT,10621,2025-09-16 05:00:00,200.35299,200.35299,2089,199.99695,200.55101000000002,10621,2025-09-16 06:00:00,10629,2025-09-16 14:00:00,200.55101000000002,-413.66378000002896,SL
9213f28f-f805-4cc7-b53a-92775dca44ab,GBPJPY,SELL,SL_HIT,10623,2025-09-16 07:00:00,200.35299,200.35299,2134,199.99695,200.55101000000002,10626,2025-09-16 11:00:00,10629,2025-09-16 14:00:00,200.55101000000002,-422.57468000002956,SL
a42c198b-0231-44da-b917-9b5191d8ea42,GBPJPY,SELL,SL_HIT,10652,2025-09-17 12:00:00,199.77399,199.77399,1947,199.40194999999997,199.98001000000002,10654,2025-09-17 15:00:00,10659,2025-09-17 20:00:00,199.98001000000002,-401.120940000046,SL
240dc394-6b18-415f-aa7f-5d40466c2c8f,GBPJPY,SELL,TP_HIT,10680,2025-09-18 16:00:00,200.74599,200.74599,2277,200.43195000000003,200.92301,10680,2025-09-18 17:00:00,10681,2025-09-18 18:00:00,200.43195000000003,715.0690799999481,TP
216bbf94-4f7e-401b-8a17-b8ee22e629db,GBPJPY,SELL,SL_HIT,10747,2025-09-23 11:00:00,199.47299,199.47298999999998,1485,198.98295000000005,199.73801,10748,2025-09-23 13:00:00,10750,2025-09-23 15:00:00,199.73801000000003,-393.5547000000736,SL
09a3310d-834c-4f90-9100-c516a56adf16,GBPJPY,SELL,SL_HIT,10756,2025-09-23 20:00:00,199.59799,199.59799,1584,199.14395000000005,199.84501,10757,2025-09-23 22:00:00,10766,2025-09-24 07:00:00,199.84501,-391.27967999998737,SL
049be5b0-c732-4837-9064-7ea4c11a0aff,GBPJPY,SELL,SL_HIT,10794,2025-09-25 10:00:00,200.04699,200.04699,1310,199.50494999999995,200.33801000000003,10794,2025-09-25 11:00:00,10823,2025-09-26 16:00:00,200.33801,-381.23620000000415,SL
a03c9326-fddd-4900-8542-95dceea14f6d,GBPJPY,SELL,TP_HIT,10798,2025-09-25 14:00:00,199.96299,199.96299,2434,199.66494999999998,200.13201,10801,2025-09-25 18:00:00,10804,2025-09-25 21:00:00,199.66494999999998,725.4293600000353,TP
efd50b99-4f9d-4a71-b745-f481aeabf75e,GBPJPY,SELL,SL_HIT,10808,2025-09-26 00:00:00,199.71199,199.71199000000001,2796,199.44594999999995,199.86501,10808,2025-09-26 01:00:00,10809,2025-09-26 02:00:00,199.86501,-427.8439199999942,SL
c395a658-aac3-4197-9ccf-db918fa2497a,GBPJPY,SELL,TP_HIT,10849,2025-09-29 17:00:00,199.54199,199.54199,1045,198.86795,199.89901,10849,2025-09-29 18:00:00,10865,2025-09-30 10:00:00,198.86795,704.3717999999905,TP
f6bbaa0a-6fa3-4c80-af35-a05245eca489,GBPJPY,SELL,TP_HIT,10852,2025-09-29 20:00:00,199.54199,199.54199,1049,198.86795,199.89901,10852,2025-09-29 21:00:00,10865,2025-09-30 10:00:00,198.86795,707.0679599999904,TP
8343030f-fb21-4ca9-816c-2118672fbc97,GBPJPY,SELL,SL_HIT,10880,2025-10-01 00:00:00,198.75699,198.75699,2688,198.48495,198.91301,10880,2025-10-01 01:00:00,10881,2025-10-01 02:00:00,198.91300999999999,-419.38175999995656,SL
8ae675fc-0ad7-4a4f-976d-cd4afe5bcb20,GBPJPY,SELL,SL_HIT,10903,2025-10-01 23:00:00,198.21799,198.21799000000001,2839,197.96394999999995,198.36501,10905,2025-10-02 02:00:00,10906,2025-10-02 03:00:00,198.36500999999998,-417.3897799999128,SL
5d31f26f-09fc-412b-8fc4-f8528df67c6d,GBPJPY,SELL,TP_HIT,10916,2025-10-02 12:00:00,198.22599,198.22598999999997,1367,197.70595,198.50601,10918,2025-10-02 15:00:00,10919,2025-10-02 16:00:00,197.70595,710.8946799999536,TP
e7af12f0-e0d4-45be-9d04-d4b8453b4f61,GBPJPY,SELL,SL_HIT,10967,2025-10-06 15:00:00,201.69998999999999,201.69998999999999,2249,201.37794999999997,201.88101,10967,2025-10-06 16:00:00,10968,2025-10-06 17:00:00,201.88101,-407.1139800000403,SL
00b436e1-e093-4288-837a-da5e7276802b,GBPJPY,SELL,SL_HIT,10986,2025-10-07 10:00:00,202.48199,202.48199,895,201.68394999999998,202.90101,10986,2025-10-07 11:00:00,10992,2025-10-07 17:00:00,202.90101,-375.0229000000156,SL
b05838f7-1e85-404c-9d1f-2d0e765fa31b,GBPJPY,SELL,SL_HIT,10990,2025-10-07 14:00:00,202.37199,202.37199,1261,201.79795000000004,202.67901,10991,2025-10-07 16:00:00,10992,2025-10-07 17:00:00,202.67901,-387.1522199999928,SL
70998c12-3e46-4f3b-b910-1a1b82ded84d,GBPJPY,SELL,SL_HIT,11018,2025-10-08 18:00:00,204.63699,204.63699,1827,204.25494999999998,204.84801000000002,11022,2025-10-08 23:00:00,11027,2025-10-09 04:00:00,204.84801000000002,-385.53354000003486,SL
b6b1b207-b9fb-456e-be98-5d2ace9d44b5,GBPJPY,SELL,TP_HIT,11034,2025-10-09 10:00:00,204.47299,204.47299,2801,204.22695000000002,204.61601000000002,11038,2025-10-09 15:00:00,11039,2025-10-09 16:00:00,204.22695,689.1580400000616,TP
38c6e6cb-0804-4f57-95a4-0896a8342ad7,GBPJPY,SELL,TP_HIT,11054,2025-10-10 06:00:00,203.38799,203.38799,2074,203.04995000000002,203.57701,11055,2025-10-10 08:00:00,11056,2025-10-10 09:00:00,203.04995000000002,701.0949599999547,TP
808a3773-7966-45d3-a846-ede5b4f716c0,GBPJPY,SELL,SL_HIT,11057,2025-10-10 09:00:00,203.20899,203.20899,2644,202.93895,203.36401,11057,2025-10-10 10:00:00,11058,2025-10-10 11:00:00,203.36401,-409.8728800000198,SL
4794bc31-6865-488d-8f55-fb030cbbb461,GBPJPY,SELL,TP_HIT,11061,2025-10-10 13:00:00,202.79899,202.79899,680,201.76495,203.33601000000002,11064,2025-10-10 17:00:00,11070,2025-10-10 23:00:00,201.76495,703.1472000000031,TP
da6156fd-37ec-4a60-bc6d-e452f0ef03ed,GBPJPY,SELL,SL_HIT,11070,2025-10-10 22:00:00,202.52799,202.52799,1883,202.14794999999998,202.73801,11071,2025-10-13 00:00:00,11072,2025-10-13 01:00:00,202.73801,-395.46766000002697,SL
77e8d480-e347-421c-8698-7b73457974ff,GBPJPY,SELL,SL_HIT,11124,2025-10-15 04:00:00,201.93699,201.93699,1469,201.45495000000003,202.19801,11127,2025-10-15 08:00:00,11131,2025-10-15 12:00:00,202.19801,-383.438380000003,SL
ffac1c83-2cec-48f3-8a80-3c234f00dd7e,GBPJPY,SELL,SL_HIT,11170,2025-10-17 02:00:00,201.91799,201.91799,2990,201.68395,202.05501,11170,2025-10-17 03:00:00,11171,2025-10-17 04:00:00,202.05501,-409.68980000002034,SL
a26a033c-1ae3-4ef9-9c55-7b7111cbe257,GBPJPY,SELL,TP_HIT,11174,2025-10-17 06:00:00,201.84399,201.84399,2182,201.52794999999995,202.02201000000002,11174,2025-10-17 07:00:00,11176,2025-10-17 09:00:00,201.52794999999995,689.5992800000952,TP
ca527a58-3483-4745-92fe-74899e55b93f,GBPJPY,SELL,TP_HIT,11201,2025-10-20 09:00:00,202.31999,202.31999,2472,202.03594999999999,202.48201,11201,2025-10-20 10:00:00,11203,2025-10-20 12:00:00,202.03594999999999,702.1468800000112,TP
610317b9-bf60-46d5-83e1-3afc93f8ee1e,GBPJPY,SELL,SL_HIT,11209,2025-10-20 17:00:00,202.08799,202.08799,1920,201.71594999999996,202.29401000000001,11209,2025-10-20 18:00:00,11219,2025-10-21 04:00:00,202.29401000000001,-395.55840000004537,SL
0be92c10-b641-41c5-8632-971ea8d9dcad,GBPJPY,SELL,SL_HIT,11214,2025-10-20 22:00:00,202.08799,202.08799,1934,201.71594999999996,202.29401000000001,11214,2025-10-20 23:00:00,11219,2025-10-21 04:00:00,202.29401000000001,-398.4426800000457,SL
f44058e0-611f-41ab-8e3c-1a3851809af2,GBPJPY,SELL,SL_HIT,11216,2025-10-21 00:00:00,202.08799,202.08798999999996,1995,201.71594999999996,202.29401000000001,11216,2025-10-21 01:00:00,11219,2025-10-21 04:00:00,202.29401000000001,-411.0099000001038,SL
# RR: 2.0
# Win Ratio: 31.49%
# TPs: 137
# SLs: 298
# Total Trades: 435
# Total PnL: -33685.85344000611
# Total Win PnL: 158733.4702800058
# Total Loss PnL: -192419.32372001192
# Init: 100000.0, Final: 34339.192756187775, Pnl%: -65.66%
# Max Drawdown: 67.05%
# Sharpe Ratio: -1.39
#
